ID,Date,Country ,Admin 1,Admin 2,Location,Reported Perpetrator Name,Reported Means of Action,Object Affected,Sub-Object Affected,Latitude,Longitude,Geo-Precision,,,,,,,
"3,070",12/3/2023,occupied Palestinian territories,Gaza Strip,Deir el-Balah,Deir al Balah,Armed Forces of Israel,Air or Drone Strike,Food Supply Chains,Bakery,31.42,34.35,[2] 25km precision,,,,,,,
"3,071",11/16/2023,occupied Palestinian territories,Gaza Strip,North Gaza,,Armed Forces of Israel,Air or Drone Strike,Food Supply Chains,Bakery,31.53,34.48,[2] 25km precision,,,,,,,
"3,072",11/1/2023,occupied Palestinian territories,Gaza Strip,Gaza City,,Armed Forces of Israel,Air or Drone Strike,Food Supply Chains,Bakery,31.54,34.46,[2] 25km precision,,,,,,,
"3,073",10/30/2023,occupied Palestinian territories,Gaza Strip,Khan Younis,Al Amal,Armed Forces of Israel,Air or Drone Strike,Food Supply Chains,Bakery,31.35,34.29,[2] 25km precision,,,,,,,
"3,074",10/25/2023,occupied Palestinian territories,Gaza Strip,Gaza City,,Armed Forces of Israel,Air or Drone Strike,Food Supply Chains,Bakery,31.50,34.45,[2] 25km precision,,,,,,,
"3,075",10/17/2023,occupied Palestinian territories,Gaza Strip,Deir el-Balah,Nuseirat Refugee Camp,Armed Forces of Israel,Air or Drone Strike,Food Supply Chains,Bakery,31.45,31.45,[2] 25km precision,,,,,,,
"3,076",10/24/2023,occupied Palestinian territories,Gaza Strip,Deir el-Balah,Maghazi Refugee Camp,Armed Forces of Israel,Air or Drone Strike,Food Supply Chains,Bakery,31.42,34.39,[2] 25km precision,,,,,,,
"3,077",10/16/2023,occupied Palestinian territories,Gaza Strip,Gaza City,Sheikh Radwan,Armed Forces of Israel,Air or Drone Strike,Food Supply Chains,Bakery,31.54,34.47,[2] 25km precision,,,,,,,
"3,078",10/25/2023,occupied Palestinian territories,Gaza Strip,Gaza City,,Armed Forces of Israel,Air or Drone Strike,Food Supply Chains,Bakery,31.50,34.46,[2] 25km precision,,,,,,,
"3,079",10/25/2023,occupied Palestinian territories,Gaza Strip,Gaza City,,Armed Forces of Israel,Air or Drone Strike,Food Supply Chains,Bakery,31.51,34.46,[2] 25km precision,,,,,,,
"3,080",10/25/2023,occupied Palestinian territories,Gaza Strip,Gaza City,,Armed Forces of Israel,Air or Drone Strike,Food Supply Chains,Bakery,31.50,34.47,[2] 25km precision,,,,,,,
"3,081",10/25/2023,occupied Palestinian territories,Gaza Strip,North Gaza,Jabalia Refugee Camp,Armed Forces of Israel,Air or Drone Strike,Food Supply Chains,Bakery,31.53,34.48,[2] 25km precision,,,,,,,
"3,082",10/25/2023,occupied Palestinian territories,Gaza Strip,Gaza City,,Armed Forces of Israel,Air or Drone Strike,Food Supply Chains,Bakery,31.50,34.47,[2] 25km precision,,,,,,,
"3,083",10/25/2023,occupied Palestinian territories,Gaza Strip,North Gaza,Jabalia Refugee Camp,Armed Forces of Israel,Air or Drone Strike,Food Supply Chains,Bakery,31.54,34.50,[2] 25km precision,,,,,,,
"3,084",11/6/2023,occupied Palestinian territories,Gaza Strip,Gaza City,,Armed Forces of Israel,Air or Drone Strike,Food Supply Chains,Bakery,31.50,34.46,[2] 25km precision,,,,,,,
"3,085",11/2/2023,occupied Palestinian territories,Gaza Strip,North Gaza,,Armed Forces of Israel,Unidentified,Food Supply Chains,Bakery,31.55,34.50,[2] 25km precision,,,,,,,
"3,086",11/8/2023,occupied Palestinian territories,Gaza Strip,Gaza City,,Armed Forces of Israel,Unidentified,Food Supply Chains,Bakery,31.50,34.47,[2] 25km precision,,,,,,,
"3,087",11/9/2023,occupied Palestinian territories,Gaza Strip,Gaza City,Al Shujaeyyah,Armed Forces of Israel,Air or Drone Strike,Food Supply Chains,Bakery,31.50,34.47,[2] 25km precision,,,,,,,
"3,088",10/18/2023,occupied Palestinian territories,Gaza Strip,Gaza City,,Armed Forces of Israel,Air or Drone Strike,Food Supply Chains,Bakery,31.51,34.43,[2] 25km precision,,,,,,,
"3,089",11/4/2023,occupied Palestinian territories,Gaza Strip,Gaza City,,Armed Forces of Israel,Air or Drone Strike,Infrastructure and Basic Services,Generators and Solar Panels of Bakery,31.52,34.45,[2] 25km precision,,,,,,,
"3,090",11/15/2023,occupied Palestinian territories,Gaza Strip,Deir el-Balah,,Armed Forces of Israel,"Artillery, Shelling or Missile Fire",Food Supply Chains,Flour Mill,31.41,34.37,[2] 25km precision,,,,,,,
"3,091",12/4/2023,occupied Palestinian territories,Gaza Strip,Deir el-Balah,,Civilians (Palestinians),Looting or Robbery,Food Supply Chains,Food,31.42,34.35,[2] 25km precision,,,,,,,
"3,092",10/7/2023,occupied Palestinian territories,Gaza Strip,North Gaza,Beit Hanoun,Armed Forces of Israel,Air or Drone Strike,Food Supply Chains,Market,31.54,34.54,[2] 25km precision,,,,,,,
"3,093",10/9/2023,occupied Palestinian territories,Gaza Strip,North Gaza,Jabalia Refugee Camp,Armed Forces of Israel,Air or Drone Strike,Food Supply Chains,Market,31.53,34.50,[2] 25km precision,,,,,,,
"3,094",10/10/2023,occupied Palestinian territories,Gaza Strip,Gaza City,,Armed Forces of Israel,Air or Drone Strike,Food Supply Chains,Market,31.51,34.48,[2] 25km precision,,,,,,,
"3,095",10/14/2023,occupied Palestinian territories,Gaza Strip,Deir el-Balah,Nuseirat,Armed Forces of Israel,Air or Drone Strike,Food Supply Chains,Market,31.45,34.39,[2] 25km precision,,,,,,,
"3,096",10/21/2023,occupied Palestinian territories,Gaza Strip,Deir el-Balah,Nuseirat Refugee Camp,Armed Forces of Israel,Air or Drone Strike,Food Supply Chains,Market,31.45,34.39,[2] 25km precision,,,,,,,
"3,097",10/21/2023,occupied Palestinian territories,Gaza Strip,Deir el-Balah,Nuseirat Refugee Camp,Armed Forces of Israel,Air or Drone Strike,Food Supply Chains,Market,31.45,34.39,[2] 25km precision,,,,,,,
"3,098",10/23/2023,occupied Palestinian territories,Gaza Strip,Deir el-Balah,Nuseirat Refugee Camp,Armed Forces of Israel,Air or Drone Strike,Food Supply Chains,Market,31.45,34.39,[2] 25km precision,,,,,,,
"3,099",10/24/2023,occupied Palestinian territories,Gaza Strip,Deir el-Balah,Nuseirat Refugee Camp,Armed Forces of Israel,Air or Drone Strike,Food Supply Chains,Market,31.45,34.39,[2] 25km precision,,,,,,,
"3,100",11/4/2023,occupied Palestinian territories,Gaza Strip,Gaza City,Shejaiya,Armed Forces of Israel,Air or Drone Strike,Food Supply Chains,Market,31.50,34.47,[2] 25km precision,,,,,,,
"3,101",12/1/2023,occupied Palestinian territories,Gaza Strip,Rafah,Rafah,Armed Forces of Israel,Air or Drone Strike,Food Supply Chains,Market,31.31,34.24,[2] 25km precision,,,,,,,
"3,102",12/7/2023,occupied Palestinian territories,Gaza Strip,Gaza City,,Armed Forces of Israel,Air or Drone Strike,Food Supply Chains,Market,31.50,34.46,[2] 25km precision,,,,,,,
"3,103",12/22/2023,occupied Palestinian territories,Gaza Strip,Khan Younis,Khan Younis,Armed Forces of Israel,"Artillery, Shelling or Missile Fire",Food Supply Chains,Market,31.35,34.30,[2] 25km precision,,,,,,,
"3,104",12/20/2023,occupied Palestinian territories,Gaza Strip,North Gaza,Jabalia Refugee Camp,Armed Forces of Israel,Air or Drone Strike,Food Supply Chains,Market,31.53,34.50,[2] 25km precision,,,,,,,
"3,105",12/27/2023,occupied Palestinian territories,Gaza Strip,Khan Younis,Khan Younis,Armed Forces of Israel,"Artillery, Shelling or Missile Fire",Food Supply Chains,Market,31.35,34.30,[2] 25km precision,,,,,,,
"3,106",1/2/2024,occupied Palestinian territories,Gaza Strip,Deir el-Balah,Nuseirat Refugee Camp,Armed Forces of Israel,Air or Drone Strike,Food Supply Chains,Market,31.45,34.39,[2] 25km precision,,,,,,,
"3,107",1/21/2024,occupied Palestinian territories,Gaza Strip,Gaza City,Yarmouk Market,Armed Forces of Israel,Air or Drone Strike,Food Supply Chains,Market,31.51,34.46,[2] 25km precision,,,,,,,
"3,108",11/4/2023,occupied Palestinian territories,Gaza Strip,Rafah,Rafah,Armed Forces of Israel,Air or Drone Strike,Infrastructure and Basic Services,Water Facility,31.29,34.26,[2] 25km precision,,,,,,,
"3,109",11/4/2023,occupied Palestinian territories,Gaza Strip,North Gaza,Tel Zaatar,Armed Forces of Israel,Unidentified,Infrastructure and Basic Services,Water Facility,31.53,34.51,[2] 25km precision,,,,,,,
"3,110",11/16/2023,occupied Palestinian territories,Gaza Strip,Gaza City,Tal Al-Hawa,Unidentified,Unidentified,Infrastructure and Basic Services,Water Facility,31.50,34.43,[2] 25km precision,,,,,,,
"3,111",11/11/2023,occupied Palestinian territories,Gaza Strip,North Gaza,Atatra (plant located to the west of Atatra),Armed Forces of Israel,Unidentified,Infrastructure and Basic Services,Water Facility,31.56,34.47,[2] 25km precision,,,,,,,
"3,112",10/8/2023,occupied Palestinian territories,Gaza Strip,Khan Younis,,Armed Forces of Israel,Air or Drone Strike,Infrastructure and Basic Services,Water Facility,31.31,34.36,[2] 25km precision,,,,,,,
"3,113",2/8/2024,occupied Palestinian territories,Gaza Strip,Rafah,,Armed Forces of Israel,Air or Drone Strike,Crops and Lands,Agricultural Land,31.29,34.28,[2] 25km precision,,,,,,,
"3,114",2/7/2024,occupied Palestinian territories,Gaza Strip,Deir el-Balah,,Armed Forces of Israel,Air or Drone Strike,Crops and Lands,Agricultural Land,31.46,34.40,[2] 25km precision,,,,,,,
"3,115",2/6/2024,occupied Palestinian territories,Gaza Strip,Rafah,,Armed Forces of Israel,Air or Drone Strike,Crops and Lands,Agricultural Land,31.24,34.27,[2] 25km precision,,,,,,,
"3,116",2/6/2024,occupied Palestinian territories,Gaza Strip,Deir el-Balah,,Armed Forces of Israel,Air or Drone Strike,Crops and Lands,Agricultural Land,31.45,34.38,[2] 25km precision,,,,,,,
"3,117",2/6/2024,occupied Palestinian territories,Gaza Strip,Rafah,,Armed Forces of Israel,Air or Drone Strike,Crops and Lands,Agricultural Land,31.29,34.29,[2] 25km precision,,,,,,,
"3,118",2/5/2024,occupied Palestinian territories,Gaza Strip,Rafah,,Armed Forces of Israel,Air or Drone Strike,Crops and Lands,Agricultural Land,31.26,34.26,[2] 25km precision,,,,,,,
"3,119",2/3/2024,occupied Palestinian territories,Gaza Strip,Deir el-Balah,,Armed Forces of Israel,Air or Drone Strike,Crops and Lands,Agricultural Land,31.41,34.35,[2] 25km precision,,,,,,,
"3,120",2/2/2024,occupied Palestinian territories,Gaza Strip,Deir el-Balah,Az-Zawayda,Armed Forces of Israel,Air or Drone Strike,Crops and Lands,Agricultural Land,31.43,34.37,[2] 25km precision,,,,,,,
"3,121",1/31/2024,occupied Palestinian territories,Gaza Strip,Deir el-Balah,,Armed Forces of Israel,Air or Drone Strike,Crops and Lands,Agricultural Land,31.42,34.36,[2] 25km precision,,,,,,,
"3,122",1/27/2024,occupied Palestinian territories,Gaza Strip,Gaza City,Tal Al-Hawa,Armed Forces of Israel,Air or Drone Strike,Crops and Lands,Agricultural Land,31.51,34.43,[2] 25km precision,,,,,,,
"3,123",1/27/2024,occupied Palestinian territories,Gaza Strip,Deir el-Balah,Nuseirat Refugee Camp,Armed Forces of Israel,Air or Drone Strike,Crops and Lands,Agricultural Land,31.45,34.40,[2] 25km precision,,,,,,,
"3,124",1/24/2024,occupied Palestinian territories,Gaza Strip,Deir el-Balah,Nuseirat Refugee Camp,Armed Forces of Israel,Air or Drone Strike,Crops and Lands,Agricultural Land,31.45,34.40,[2] 25km precision,,,,,,,
"3,125",1/22/2024,occupied Palestinian territories,Gaza Strip,Gaza City,Zeitoun,Armed Forces of Israel,Air or Drone Strike,Crops and Lands,Agricultural Land,31.50,34.44,[2] 25km precision,,,,,,,
"3,126",1/17/2024,occupied Palestinian territories,Gaza Strip,Rafah ,Rafah,Armed Forces of Israel,Air or Drone Strike,Crops and Lands,Agricultural Land,31.30,34.27,[2] 25km precision,,,,,,,
"3,127",1/17/2024,occupied Palestinian territories,Gaza Strip,Deir el-Balah,Nuseirat ,Armed Forces of Israel,"Artillery, Shelling or Missile Fire",Crops and Lands,Agricultural Land,31.45,34.40,[2] 25km precision,,,,,,,
"3,128",1/12/2024,occupied Palestinian territories,Gaza Strip,Deir el-Balah,Deir al Balah,Armed Forces of Israel,Air or Drone Strike,Crops and Lands,Agricultural Land,31.42,34.35,[2] 25km precision,,,,,,,
"3,129",1/12/2024,occupied Palestinian territories,Gaza Strip,Rafah ,Al Shouka,Armed Forces of Israel,Air or Drone Strike,Crops and Lands,Agricultural Land,31.29,34.29,[2] 25km precision,,,,,,,
"3,130",1/10/2024,occupied Palestinian territories,Gaza Strip,Rafah ,Rafah,Armed Forces of Israel,Air or Drone Strike,Crops and Lands,Agricultural Land,31.30,34.27,[2] 25km precision,,,,,,,
"3,131",1/9/2024,occupied Palestinian territories,Gaza Strip,Rafah,Rafah,Armed Forces of Israel,Air or Drone Strike,Crops and Lands,Agricultural Land,31.31,34.25,[2] 25km precision,,,,,,,
"3,132",1/7/2024,occupied Palestinian territories,Gaza Strip,Rafah,Mukhayyam Rafah,Armed Forces of Israel,Air or Drone Strike,Crops and Lands,Agricultural Land,31.28,34.25,[2] 25km precision,,,,,,,
"3,133",1/6/2024,occupied Palestinian territories,Gaza Strip,Rafah,Moraj area,Armed Forces of Israel,Air or Drone Strike,Crops and Lands,Agricultural Land,31.31,34.25,[2] 25km precision,,,,,,,
"3,134",1/4/2024,occupied Palestinian territories,Gaza Strip,Khan Younis,Khan Younis,Armed Forces of Israel,Air or Drone Strike,Crops and Lands,Agricultural Land,31.34,34.28,[2] 25km precision,,,,,,,
"3,135",1/3/2024,occupied Palestinian territories,Gaza Strip,Khan Younis,Al-Manara,Armed Forces of Israel,Air or Drone Strike,Crops and Lands,Agricultural Land,31.33,34.32,[2] 25km precision,,,,,,,
"3,136",1/3/2024,occupied Palestinian territories,Gaza Strip,Deir el-Balah,Maghazi Refugee Camp,Armed Forces of Israel,Air or Drone Strike,Crops and Lands,Agricultural Land,31.42,34.38,[2] 25km precision,,,,,,,
"3,137",1/1/2024,occupied Palestinian territories,Gaza Strip,Deir el-Balah,Nuseirat Refugee Camp,Armed Forces of Israel,Air or Drone Strike,Crops and Lands,Agricultural Land,31.45,34.39,[2] 25km precision,,,,,,,
"3,138",1/1/2024,occupied Palestinian territories,Gaza Strip,Rafah,Rafah,Armed Forces of Israel,Air or Drone Strike,Crops and Lands,Agricultural Land,31.26,34.26,[2] 25km precision,,,,,,,
"3,139",1/1/2024,occupied Palestinian territories,Gaza Strip,Deir el-Balah,Maghazi Refugee Camp,Armed Forces of Israel,Air or Drone Strike,Crops and Lands,Agricultural Land,31.42,34.38,[2] 25km precision,,,,,,,
"3,140",1/1/2024,occupied Palestinian territories,Gaza Strip,Rafah,Rafah,Armed Forces of Israel,Air or Drone Strike,Crops and Lands,Agricultural Land,31.32,34.25,[2] 25km precision,,,,,,,
"3,141",12/31/2023,occupied Palestinian territories,Gaza Strip,Deir el-Balah,Az-Zawayda,Armed Forces of Israel,Unidentified,Crops and Lands,Agricultural Land,31.43,34.37,[2] 25km precision,,,,,,,
"3,142",12/29/2023,occupied Palestinian territories,Gaza Strip,Rafah,Rafah,Armed Forces of Israel,Air or Drone Strike,Crops and Lands,Agricultural Land,31.30,34.25,[2] 25km precision,,,,,,,
"3,143",12/28/2023,occupied Palestinian territories,Gaza Strip,Rafah,Al Zahra,Armed Forces of Israel,Air or Drone Strike,Crops and Lands,Agricultural Land,31.32,34.25,[2] 25km precision,,,,,,,
"3,144",12/27/2023,occupied Palestinian territories,Gaza Strip,Rafah,Moraj area,Armed Forces of Israel,Air or Drone Strike,Crops and Lands,Agricultural Land,31.32,34.24,[2] 25km precision,,,,,,,
"3,145",12/25/2023,occupied Palestinian territories,Gaza Strip,Deir el-Balah,Nuseirat Refugee Camp,Armed Forces of Israel,Air or Drone Strike,Crops and Lands,Agricultural Land,31.45,34.38,[2] 25km precision,,,,,,,
"3,146",12/25/2023,occupied Palestinian territories,Gaza Strip,Deir el-Balah,Az-Zawayda,Armed Forces of Israel,Air or Drone Strike,Crops and Lands,Agricultural Land,31.43,34.37,[2] 25km precision,,,,,,,
"3,147",12/24/2023,occupied Palestinian territories,Gaza Strip,Deir el-Balah,Nuseirat Refugee Camp,Armed Forces of Israel,"Artillery, Shelling or Missile Fire",Crops and Lands,Agricultural Land,31.45,34.40,[2] 25km precision,,,,,,,
"3,148",12/20/2023,occupied Palestinian territories,Gaza Strip,Khan Younis,Al Fukhari,Armed Forces of Israel,Air or Drone Strike,Crops and Lands,Agricultural Land,31.30,34.33,[2] 25km precision,,,,,,,
"3,149",12/20/2023,occupied Palestinian territories,Gaza Strip,Deir el-Balah,Al Maghazi,Armed Forces of Israel,Air or Drone Strike,Crops and Lands,Agricultural Land,31.42,34.39,[2] 25km precision,,,,,,,
"3,150",12/20/2023,occupied Palestinian territories,Gaza Strip,Rafah,Rafah,Armed Forces of Israel,Air or Drone Strike,Crops and Lands,Agricultural Land,31.29,34.26,[2] 25km precision,,,,,,,
"3,151",12/16/2023,occupied Palestinian territories,Gaza Strip,Rafah,,Armed Forces of Israel,Air or Drone Strike,Crops and Lands,Agricultural Land,31.30,34.24,[2] 25km precision,,,,,,,
"3,152",12/15/2023,occupied Palestinian territories,Gaza Strip,Rafah,,Armed Forces of Israel,Air or Drone Strike,Crops and Lands,Agricultural Land,31.30,34.25,[2] 25km precision,,,,,,,
"3,153",12/14/2023,occupied Palestinian territories,Gaza Strip,Rafah,,Armed Forces of Israel,Air or Drone Strike,Crops and Lands,Agricultural Land,31.31,34.25,[2] 25km precision,,,,,,,
"3,154",12/14/2023,occupied Palestinian territories,Gaza Strip,Deir el-Balah,Az-Zawayda,Armed Forces of Israel,Air or Drone Strike,Crops and Lands,Agricultural Land,31.43,34.37,[2] 25km precision,,,,,,,
"3,155",12/11/2023,occupied Palestinian territories,Gaza Strip,Rafah,Al-Salam,Armed Forces of Israel,Air or Drone Strike,Crops and Lands,Agricultural Land,31.29,34.25,[2] 25km precision,,,,,,,
"3,156",12/11/2023,occupied Palestinian territories,Gaza Strip,Rafah,Khirbet Al-Adas,Armed Forces of Israel,Air or Drone Strike,Crops and Lands,Agricultural Land,31.28,34.27,[2] 25km precision,,,,,,,
"3,157",12/9/2023,occupied Palestinian territories,Gaza Strip,Khan Younis,,Armed Forces of Israel,Air or Drone Strike,Crops and Lands,Agricultural Land,31.35,34.34,[2] 25km precision,,,,,,,
"3,158",12/5/2023,occupied Palestinian territories,Gaza Strip,Deir el-Balah,Abu Hosni Street,Armed Forces of Israel,Air or Drone Strike,Food Supply Chains,Bakery,31.42,34.36,[2] 25km precision,,,,,,,
"3,159",12/6/2023,occupied Palestinian territories,Gaza Strip,Deir el-Balah,Al Musaddar,Armed Forces of Israel,Air or Drone Strike,Crops and Lands,Agricultural Land,31.41,34.38,[2] 25km precision,,,,,,,
"3,160",12/6/2023,occupied Palestinian territories,Gaza Strip,Rafah,Khirbet Al-Adas,Armed Forces of Israel,Air or Drone Strike,Crops and Lands,Agricultural Land,31.29,34.27,[2] 25km precision,,,,,,,
"3,161",12/6/2023,occupied Palestinian territories,Gaza Strip,Deir el-Balah,Al Maghazi,Armed Forces of Israel,Air or Drone Strike,Crops and Lands,Agricultural Land,31.42,34.39,[2] 25km precision,,,,,,,
"3,162",12/5/2023,occupied Palestinian territories,Gaza Strip,Deir el-Balah,Deir al Balah,Armed Forces of Israel,"Artillery, Shelling or Missile Fire",Private Assets,Farm,31.42,34.35,[2] 25km precision,,,,,,,
"3,163",12/4/2023,occupied Palestinian territories,Gaza Strip,Khan Younis,,Armed Forces of Israel,Air or Drone Strike,Crops and Lands,Agricultural Land,31.34,34.29,[2] 25km precision,,,,,,,
"3,164",12/4/2023,occupied Palestinian territories,Gaza Strip,Khan Younis,,Armed Forces of Israel,Air or Drone Strike,Crops and Lands,Agricultural Land,31.34,34.30,[2] 25km precision,,,,,,,
"3,165",12/2/2023,occupied Palestinian territories,Gaza Strip,Khan Younis,,Armed Forces of Israel,Air or Drone Strike,Crops and Lands,Agricultural Land,31.33,34.30,[2] 25km precision,,,,,,,
"3,166",12/1/2023,occupied Palestinian territories,Gaza Strip,Deir el-Balah,Maghazi Refugee Camp,Armed Forces of Israel,Air or Drone Strike,Crops and Lands,Agricultural Land,31.43,34.39,[2] 25km precision,,,,,,,
"3,167",12/1/2023,occupied Palestinian territories,Gaza Strip,Khan Younis,,Armed Forces of Israel,Air or Drone Strike,Crops and Lands,Agricultural Land,31.35,34.33,[2] 25km precision,,,,,,,
"3,168",11/30/2023,occupied Palestinian territories,Gaza Strip,Khan Younis,Khan Younis,Armed Forces of Israel,Unidentified,Crops and Lands,Agricultural Land,31.35,34.31,[2] 25km precision,,,,,,,
"3,169",11/29/2023,occupied Palestinian territories,Gaza Strip,Khan Younis,Khan Younis,Armed Forces of Israel,Firearms,Population,Farmer/s,31.35,34.31,[2] 25km precision,,,,,,,
"3,170",11/26/2023,occupied Palestinian territories,Gaza Strip,Rafah,,Armed Forces of Israel,Unidentified,Crops and Lands,Agricultural Land,31.29,34.27,[2] 25km precision,,,,,,,
"3,171",11/23/2023,occupied Palestinian territories,Gaza Strip,Khan Younis,Bani Suheila,Armed Forces of Israel,Air or Drone Strike,Crops and Lands,Agricultural Land,31.34,34.33,[2] 25km precision,,,,,,,
"3,172",11/23/2023,occupied Palestinian territories,Gaza Strip,Khan Younis,,Armed Forces of Israel,Air or Drone Strike,Crops and Lands,Agricultural Land,31.35,34.28,[2] 25km precision,,,,,,,
"3,173",11/22/2023,occupied Palestinian territories,Gaza Strip,Khan Younis,Al Qararah,Armed Forces of Israel,Air or Drone Strike,Crops and Lands,Agricultural Land,31.37,34.34,[2] 25km precision,,,,,,,
"3,174",11/22/2023,occupied Palestinian territories,Gaza Strip,Khan Younis,Bani Suheila,Armed Forces of Israel,Air or Drone Strike,Crops and Lands,Agricultural Land,31.34,34.32,[2] 25km precision,,,,,,,
"3,175",11/21/2023,occupied Palestinian territories,Gaza Strip,Rafah,Rafah,Armed Forces of Israel,Air or Drone Strike,Crops and Lands,Agricultural Land,31.29,34.26,[2] 25km precision,,,,,,,
"3,176",11/21/2023,occupied Palestinian territories,Gaza Strip,Deir el-Balah,Nuseirat ,Armed Forces of Israel,Air or Drone Strike,Crops and Lands,Agricultural Land,31.45,34.39,[2] 25km precision,,,,,,,
"3,177",11/19/2023,occupied Palestinian territories,Gaza Strip,Rafah,Khirbet Al-Adas,Armed Forces of Israel,Air or Drone Strike,Crops and Lands,Agricultural Land,31.29,34.27,[2] 25km precision,,,,,,,
"3,178",11/17/2023,occupied Palestinian territories,Gaza Strip,Rafah,,Armed Forces of Israel,Air or Drone Strike,Crops and Lands,Agricultural Land,31.30,34.26,[2] 25km precision,,,,,,,
"3,179",11/16/2023,occupied Palestinian territories,Gaza Strip,Rafah,Al Bayuk,Armed Forces of Israel,Air or Drone Strike,Private Assets,Farm,31.27,34.29,[2] 25km precision,,,,,,,
"3,180",11/13/2023,occupied Palestinian territories,Gaza Strip,Khan Younis,Bani Suheila,Armed Forces of Israel,Air or Drone Strike,Crops and Lands,Agricultural Land,31.34,34.33,[2] 25km precision,,,,,,,
"3,181",11/11/2023,occupied Palestinian territories,Gaza Strip,Khan Younis,Bani Suheila,Armed Forces of Israel,Air or Drone Strike,Crops and Lands,Agricultural Land,31.34,34.33,[2] 25km precision,,,,,,,
"3,182",11/7/2023,occupied Palestinian territories,Gaza Strip,Khan Younis,Al-Satar Gharbi,Armed Forces of Israel,Air or Drone Strike,Crops and Lands,Agricultural Land,31.34,34.29,[2] 25km precision,,,,,,,
"3,183",11/4/2023,occupied Palestinian territories,Gaza Strip,Rafah,,Armed Forces of Israel,Air or Drone Strike,Population,Farmer/s,31.30,34.27,[2] 25km precision,,,,,,,
"3,184",11/2/2023,occupied Palestinian territories,Gaza Strip,Rafah,Rafah,Armed Forces of Israel,Firearms,Population,Farmer/s,31.29,34.26,[2] 25km precision,,,,,,,
"3,185",11/2/2023,occupied Palestinian territories,Gaza Strip,Khan Younis,Abasan al Kabirah,Armed Forces of Israel,Firearms,Population,Farmer/s,31.32,34.34,[2] 25km precision,,,,,,,
"3,186",11/2/2023,occupied Palestinian territories,Gaza Strip,Khan Younis,Al Qararah,Armed Forces of Israel,Air or Drone Strike,Crops and Lands,Agricultural Land,31.37,34.34,[2] 25km precision,,,,,,,
"3,187",11/3/2023,occupied Palestinian territories,Gaza Strip,Deir el-Balah,,Armed Forces of Israel,Air or Drone Strike,Crops and Lands,Agricultural Land,31.43,34.36,[2] 25km precision,,,,,,,
"3,188",10/31/2023,occupied Palestinian territories,Gaza Strip,Gaza City,Tal Al-Hawa,Armed Forces of Israel,Air or Drone Strike,Crops and Lands,Agricultural Land,31.51,34.43,[2] 25km precision,,,,,,,
"3,189",10/27/2023,occupied Palestinian territories,Gaza Strip,Khan Younis,Abasan al Kabirah,Armed Forces of Israel,Air or Drone Strike,Crops and Lands,Agricultural Land,31.32,34.34,[2] 25km precision,,,,,,,
"3,190",10/27/2023,occupied Palestinian territories,Gaza Strip,Khan Younis,Newe Deqalim,Armed Forces of Israel,Air or Drone Strike,Crops and Lands,Agricultural Land,31.35,34.27,[2] 25km precision,,,,,,,
"3,191",10/26/2023,occupied Palestinian territories,Gaza Strip,Deir el-Balah,Deir al Balah,Armed Forces of Israel,"Artillery, Shelling or Missile Fire",Crops and Lands,Agricultural Land,31.42,34.35,[2] 25km precision,,,,,,,
"3,192",10/26/2023,occupied Palestinian territories,Gaza Strip,Gaza City,Gaza - At Turukman,Armed Forces of Israel,"Artillery, Shelling or Missile Fire",Crops and Lands,Agricultural Land,31.49,34.47,[2] 25km precision,,,,,,,
"3,193",10/26/2023,occupied Palestinian territories,Gaza Strip,North Gaza,Jabalia,Armed Forces of Israel,"Artillery, Shelling or Missile Fire",Crops and Lands,Agricultural Land,31.53,34.48,[2] 25km precision,,,,,,,
"3,194",10/25/2023,occupied Palestinian territories,Gaza Strip,Khan Younis,Abasan al Kabirah,Armed Forces of Israel,Air or Drone Strike,Population,Farmer/s,31.32,34.34,[2] 25km precision,,,,,,,
"3,195",10/25/2023,occupied Palestinian territories,Gaza Strip,Rafah,Rafah,Armed Forces of Israel,"Artillery, Shelling or Missile Fire",Crops and Lands,Agricultural Land,31.29,34.26,[2] 25km precision,,,,,,,
"3,196",10/25/2023,occupied Palestinian territories,Gaza Strip,Deir el-Balah,Deir al Balah,Armed Forces of Israel,"Artillery, Shelling or Missile Fire",Crops and Lands,Agricultural Land,31.42,34.35,[2] 25km precision,,,,,,,
"3,197",10/25/2023,occupied Palestinian territories,Gaza Strip,Gaza City,Gaza - At Turukman,Armed Forces of Israel,"Artillery, Shelling or Missile Fire",Crops and Lands,Agricultural Land,31.49,34.47,[2] 25km precision,,,,,,,
"3,198",10/25/2023,occupied Palestinian territories,Gaza Strip,North Gaza,Jabalia,Armed Forces of Israel,"Artillery, Shelling or Missile Fire",Crops and Lands,Agricultural Land,31.53,34.48,[2] 25km precision,,,,,,,
"3,199",10/25/2023,occupied Palestinian territories,Gaza Strip,Khan Younis,Abasan al Kabirah,Armed Forces of Israel,"Artillery, Shelling or Missile Fire",Crops and Lands,Agricultural Land,31.32,34.34,[2] 25km precision,,,,,,,
"3,200",10/24/2023,occupied Palestinian territories,Gaza Strip,North Gaza,,Armed Forces of Israel,Air or Drone Strike,Crops and Lands,Agricultural Land,31.51,34.49,[2] 25km precision,,,,,,,
"3,201",10/24/2023,occupied Palestinian territories,Gaza Strip,Rafah,Rafah,Armed Forces of Israel,"Artillery, Shelling or Missile Fire",Crops and Lands,Agricultural Land,31.29,34.26,[2] 25km precision,,,,,,,
"3,202",10/24/2023,occupied Palestinian territories,Gaza Strip,Deir el-Balah,Deir al Balah,Armed Forces of Israel,"Artillery, Shelling or Missile Fire",Crops and Lands,Agricultural Land,31.42,34.35,[2] 25km precision,,,,,,,
"3,203",10/24/2023,occupied Palestinian territories,Gaza Strip,Gaza City,Gaza - At Turukman,Armed Forces of Israel,"Artillery, Shelling or Missile Fire",Crops and Lands,Agricultural Land,31.49,34.47,[2] 25km precision,,,,,,,
"3,204",10/24/2023,occupied Palestinian territories,Gaza Strip,Khan Younis,Abasan al Kabirah,Armed Forces of Israel,"Artillery, Shelling or Missile Fire",Crops and Lands,Agricultural Land,31.32,34.34,[2] 25km precision,,,,,,,
"3,205",10/23/2023,occupied Palestinian territories,Gaza Strip,Rafah,Rafah,Armed Forces of Israel,"Artillery, Shelling or Missile Fire",Crops and Lands,Agricultural Land,31.29,34.26,[2] 25km precision,,,,,,,
"3,206",10/23/2023,occupied Palestinian territories,Gaza Strip,Deir el-Balah,Deir al Balah,Armed Forces of Israel,"Artillery, Shelling or Missile Fire",Crops and Lands,Agricultural Land,31.42,34.35,[2] 25km precision,,,,,,,
"3,207",10/23/2023,occupied Palestinian territories,Gaza Strip,Gaza City,Gaza - At Turukman,Armed Forces of Israel,"Artillery, Shelling or Missile Fire",Crops and Lands,Agricultural Land,31.49,34.47,[2] 25km precision,,,,,,,
"3,208",10/23/2023,occupied Palestinian territories,Gaza Strip,North Gaza,Jabalia,Armed Forces of Israel,"Artillery, Shelling or Missile Fire",Crops and Lands,Agricultural Land,31.53,34.48,[2] 25km precision,,,,,,,
"3,209",10/23/2023,occupied Palestinian territories,Gaza Strip,Khan Younis,Abasan al Kabirah,Armed Forces of Israel,"Artillery, Shelling or Missile Fire",Crops and Lands,Agricultural Land,31.32,34.34,[2] 25km precision,,,,,,,
"3,210",10/22/2023,occupied Palestinian territories,Gaza Strip,Rafah,Rafah,Armed Forces of Israel,"Artillery, Shelling or Missile Fire",Crops and Lands,Agricultural Land,31.29,34.26,[2] 25km precision,,,,,,,
"3,211",10/22/2023,occupied Palestinian territories,Gaza Strip,Deir el-Balah,Deir al Balah,Armed Forces of Israel,"Artillery, Shelling or Missile Fire",Crops and Lands,Agricultural Land,31.42,34.35,[2] 25km precision,,,,,,,
"3,212",10/22/2023,occupied Palestinian territories,Gaza Strip,Gaza City,Gaza - At Turukman,Armed Forces of Israel,"Artillery, Shelling or Missile Fire",Crops and Lands,Agricultural Land,31.49,34.47,[2] 25km precision,,,,,,,
"3,213",10/22/2023,occupied Palestinian territories,Gaza Strip,North Gaza,Jabalia,Armed Forces of Israel,"Artillery, Shelling or Missile Fire",Crops and Lands,Agricultural Land,31.53,34.48,[2] 25km precision,,,,,,,
"3,214",10/22/2023,occupied Palestinian territories,Gaza Strip,Khan Younis,Abasan al Kabirah,Armed Forces of Israel,"Artillery, Shelling or Missile Fire",Crops and Lands,Agricultural Land,31.32,34.34,[2] 25km precision,,,,,,,
"3,215",10/22/2023,occupied Palestinian territories,Gaza Strip,Khan Younis,Abasan al Kabirah,Armed Forces of Israel,Air or Drone Strike,Crops and Lands,Agricultural Land,31.32,34.34,[2] 25km precision,,,,,,,
"3,216",10/20/2023,occupied Palestinian territories,Gaza Strip,Gaza City,Gaza - Ijdeedeh,Armed Forces of Israel,"Artillery, Shelling or Missile Fire",Crops and Lands,Agricultural Land,31.50,34.50,[2] 25km precision,,,,,,,
"3,217",10/19/2023,occupied Palestinian territories,Gaza Strip,Khan Younis,Newe Deqalim,Armed Forces of Israel,Air or Drone Strike,Crops and Lands,Agricultural Land,31.35,34.27,[2] 25km precision,,,,,,,
"3,218",10/18/2023,occupied Palestinian territories,Gaza Strip,Rafah,Rafah,Armed Forces of Israel,Air or Drone Strike,Crops and Lands,Agricultural Land,31.29,34.26,[2] 25km precision,,,,,,,
"3,219",10/18/2023,occupied Palestinian territories,Gaza Strip,Rafah,Rafah,Armed Forces of Israel,Air or Drone Strike,Crops and Lands,Agricultural Land,31.29,34.26,[2] 25km precision,,,,,,,
"3,220",10/15/2023,occupied Palestinian territories,Gaza Strip,North Gaza,Beit Lahia,Armed Forces of Israel,Air or Drone Strike,Crops and Lands,Agricultural Land,31.54,34.51,[2] 25km precision,,,,,,,
"3,221",10/11/2023,occupied Palestinian territories,Gaza Strip,Deir el-Balah,,Armed Forces of Israel,Air or Drone Strike,Crops and Lands,Agricultural Land,31.42,34.36,[2] 25km precision,,,,,,,
"3,222",10/9/2023,occupied Palestinian territories,Gaza Strip,Gaza City,Abasan al Kabirah,Armed Forces of Israel,Air or Drone Strike,Crops and Lands,Agricultural Land,31.32,34.35,[2] 25km precision,,,,,,,
"3,223",10/9/2023,occupied Palestinian territories,Gaza Strip,North Gaza,Beit Lahia,Armed Forces of Israel,Air or Drone Strike,Crops and Lands,Agricultural Land,31.55,34.51,[2] 25km precision,,,,,,,
"3,224",10/9/2023,occupied Palestinian territories,Gaza Strip,Khan Younis,Al-Zana,Armed Forces of Israel,Air or Drone Strike,Crops and Lands,Agricultural Land,31.35,34.32,[2] 25km precision,,,,,,,
"3,225",10/9/2023,occupied Palestinian territories,Gaza Strip,Deir el-Balah,Nuseirat Refugee Camp,Armed Forces of Israel,Air or Drone Strike,Crops and Lands,Agricultural Land,31.46,34.39,[2] 25km precision,,,,,,,
"3,226",10/9/2023,occupied Palestinian territories,Gaza Strip,Rafah,Rafah,Armed Forces of Israel,"Artillery, Shelling or Missile Fire",Crops and Lands,Agricultural Land,31.29,34.26,[2] 25km precision,,,,,,,
"3,227",10/8/2023,occupied Palestinian territories,Gaza Strip,Gaza City,Gaza - At Turukman,Armed Forces of Israel,Air or Drone Strike,Crops and Lands,Agricultural Land,31.49,34.47,[2] 25km precision,,,,,,,
"3,228",10/8/2023,occupied Palestinian territories,Gaza Strip,Deir el-Balah,Nuseirat ,Armed Forces of Israel,Air or Drone Strike,Crops and Lands,Agricultural Land,31.45,34.39,[2] 25km precision,,,,,,,
"3,229",10/8/2023,occupied Palestinian territories,Gaza Strip,Gaza City,Sheikh Radwan,Armed Forces of Israel,Air or Drone Strike,Crops and Lands,Agricultural Land,31.54,34.47,[2] 25km precision,,,,,,,
"3,230",10/8/2023,occupied Palestinian territories,Gaza Strip,North Gaza,,Armed Forces of Israel,Air or Drone Strike,Crops and Lands,Agricultural Land,31.54,34.47,[2] 25km precision,,,,,,,
"3,231",10/8/2023,occupied Palestinian territories,Gaza Strip,North Gaza,,Armed Forces of Israel,Air or Drone Strike,Crops and Lands,Agricultural Land,31.52,34.51,[2] 25km precision,,,,,,,
"3,232",10/7/2023,occupied Palestinian territories,Gaza Strip,Deir el-Balah,Nuseirat Refugee Camp,Armed Forces of Israel,"Artillery, Shelling or Missile Fire",Crops and Lands,Agricultural Land,31.45,34.40,[2] 25km precision,,,,,,,
"3,233",10/7/2023,occupied Palestinian territories,Gaza Strip,North Gaza,Beit Lahia,Armed Forces of Israel,Air or Drone Strike,Crops and Lands,Agricultural Land,31.55,34.51,[2] 25km precision,,,,,,,
"3,234",10/7/2023,occupied Palestinian territories,Gaza Strip,,,Armed Forces of Israel,Air or Drone Strike,Crops and Lands,Agricultural Land,31.52,34.51,[2] 25km precision,,,,,,,
"3,235",10/7/2023,occupied Palestinian territories,Gaza Strip,Khan Younis,Qizan Al-Najjar,Armed Forces of Israel,Air or Drone Strike,Crops and Lands,Agricultural Land,31.33,34.29,[2] 25km precision,,,,,,,
"3,236",10/7/2023,occupied Palestinian territories,Gaza Strip,Gaza City,Sheikh Radwan,Armed Forces of Israel,Air or Drone Strike,Crops and Lands,Agricultural Land,31.53,34.47,[2] 25km precision,,,,,,,
"3,237",28-10-2023,occupied Palestinian territories,Gaza Strip,Deir el-Balah,,Civilians (Palestinians),Looting or Robbery,Food Supply Chains,Food Aid,31.42,34.35,[2] 25km precision,,,,,,,
"3,238",12/10/2023,occupied Palestinian territories,Gaza Strip,Gaza City,Shejaiya,Armed Forces of Israel,Arson,Food Supply Chains,Food Aid,31.50,34.47,[2] 25km precision,,,,,,,
"3,239",12/17/2023,occupied Palestinian territories,Gaza Strip,Rafah,Rafah Crossing,Civilians (Palestinians),Looting or Robbery,Food Supply Chains,Food Aid,31.25,34.26,[2] 25km precision,,,,,,,
"3,240",11/26/2023,occupied Palestinian territories,Gaza Strip,Deir el-Balah,Maghazi Refugee Camp,Armed Forces of Israel,Unidentified,Population,Farmer/s,31.42,34.39,[2] 25km precision,,,,,,,
"3,241",11/16/2023,occupied Palestinian territories,Gaza Strip,Rafah,Rafah,Armed Forces of Israel,Air or Drone Strike,Infrastructure and Basic Services,Farm,31.28,34.29,[2] 25km precision,,,,,,,
"3,242",1/10/2024,occupied Palestinian territories,Gaza Strip,Rafah,Rafah,Armed Forces of Israel,"Artillery, Shelling or Missile Fire",Population,Farmer/s,31.28,34.29,[2] 25km precision,,,,,,,
"3,243",10/10/2023,occupied Palestinian territories,Gaza Strip,Gaza City,Gaza City Port,Armed Forces of Israel,"Artillery, Shelling or Missile Fire","Infrastructure and Basic Services, Private Assets","Fishing Port, Fishing Boats",31.52,34.43,[2] 25km precision,,,,,,,
"3,244",10/11/2023,occupied Palestinian territories,Gaza Strip,Gaza City,Gaza City Port,Armed Forces of Israel,"Artillery, Shelling or Missile Fire",Infrastructure and Basic Services,Fishing Port ,31.52,34.43,[2] 25km precision,,,,,,,
"3,245",10/11/2023,occupied Palestinian territories,Gaza Strip,Gaza City,Gaza City Port,Armed Forces of Israel,Air or Drone Strike,Private Assets,Fishing Port ,31.52,34.43,[2] 25km precision,,,,,,,
"3,246",10/12/2023,occupied Palestinian territories,Gaza Strip,Gaza City,Gaza City Port,Armed Forces of Israel,Air or Drone Strike,Private Assets,Fishing Boats,31.52,34.43,[2] 25km precision,,,,,,,
"3,247",10/16/2023,occupied Palestinian territories,Gaza Strip,Gaza City,Gaza City Port,Armed Forces of Israel,"Artillery, Shelling or Missile Fire",Infrastructure and Basic Services,Fishing Port ,31.52,34.43,[2] 25km precision,,,,,,,
"3,248",11/4/2023,occupied Palestinian territories,Gaza Strip,Rafah,Coast close to Rafah,Armed Forces of Israel,"Artillery, Shelling or Missile Fire",Private Assets,Fishing Boats,31.33,34.23,[2] 25km precision,,,,,,,
"3,249",11/12/2023,occupied Palestinian territories,Gaza Strip,Deir el-Balah,Nuseirat beach,Armed Forces of Israel,Air or Drone Strike,Private Assets,Fishing Boats,31.46,34.37,[2] 25km precision,,,,,,,
"3,250",12/17/2023,occupied Palestinian territories,Gaza Strip,,Mediterranean Sea on coast of Gaza Strip,Armed Forces of Israel,Unidentified,"Population, Private Assets","Fishers, Fishing Boats",31.44,34.35,[2] 25km precision,,,,,,,
"3,251",1/21/2024,occupied Palestinian territories,Gaza Strip,Deir el-Balah,Mediterranean Sea close to Az-Zawayda,Armed Forces of Israel,Unidentified,"Population, Private Assets","Fishers, Fishing Boats",31.44,34.35,[2] 25km precision,,,,,,,
"3,252",2/7/2024,occupied Palestinian territories,Gaza Strip,Rafah,Mediterranean Sea close to Rafah,Armed Forces of Israel,Unidentified,"Population, Private Assets","Fishers, Fishing Boats",31.33,34.22,[2] 25km precision,,,,,,,
"3,253",2/8/2024,occupied Palestinian territories,Gaza Strip,Rafah,Mediterranean Sea close to Rafah,Armed Forces of Israel,Firearms,"Population, Private Assets","Fishers, Fishing Boats",31.33,34.23,[2] 25km precision,,,,,,,
"3,254",2/10/2024,occupied Palestinian territories,Gaza Strip,Deir el-Balah,Mediterranean Sea close to Deir al-Balah,Armed Forces of Israel,Firearms,Population,Fishers,31.42,34.33,[2] 25km precision,,,,,,,
"3,255",2/10/2024,occupied Palestinian territories,Gaza Strip,,Mediterranean Sea on coast of northern Gaza,Armed Forces of Israel,Unidentified,Population,Fishers,31.56,34.47,[2] 25km precision,,,,,,,
"3,256",2/19/2024,occupied Palestinian territories,Gaza Strip,Deir el-Balah,Deir al Balah,Armed Forces of Israel,"Artillery, Shelling or Missile Fire",Crops and Lands,Agricultural Land,31.41,34.36,[2] 25km precision,,,,,,,
"3,257",2/10/2024,occupied Palestinian territories,Gaza Strip,Gaza City,Gaza City,Armed Forces of Israel,Demolition,Food Supply Chains,Food Warehouse,31.51,34.45,[2] 25km precision,,,,,,,
"3,258",2/7/2024,occupied Palestinian territories ,Gaza Strip,Rafah,Rafah,Armed Forces of Israel,Unidentified,"Population, Private Assets","Fishers, Fishing Boats",31.33,34.22,[2] 25km precision,,,,,,,
"3,259",2/19/2024,occupied Palestinian territories ,Gaza Strip,Deir el-Balah,Deir al Balah,Armed Forces of Israel,Air or Drone Strike,Crops and Lands,Agricultural Land,31.41,34.35,[2] 25km precision,,,,,,,
"3,260",2/17/2024,occupied Palestinian territories ,Gaza Strip,Rafah,Rafah,Armed Forces of Israel,Air or Drone Strike,Crops and Lands,Agricultural Land,31.32,34.24,[2] 25km precision,,,,,,,
"3,261",2/13/2024,occupied Palestinian territories ,Gaza Strip,Deir el-Balah,Az-Zawayda,Armed Forces of Israel,Air or Drone Strike,Crops and Lands,Agricultural Land,31.43,34.37,[2] 25km precision,,,,,,,
"3,262",2/5/2024,occupied Palestinian territories ,Gaza Strip,Gaza City,Al Rashid Road,Armed Forces of Israel,Firearms,Food Supply Chains,Food Aid Truck,31.48,34.39,[1] Exact location,,,,,,,
"3,263",4/1/2024,occupied Palestinian territories ,Gaza Strip,Deir el-Balah,,Armed Forces of Israel,Air or Drone Strike,"Food Supply Chains, Population",Food Aid Workers,31.41,34.32,[1] Exact location,,,,,,,
"3,264",4/1/2024,occupied Palestinian territories ,Gaza Strip,Deir el-Balah,,Armed Forces of Israel,Air or Drone Strike,"Food Supply Chains, Population",Food Aid Workers,31.42,34.33,[1] Exact location,,,,,,,
"3,265",4/1/2024,occupied Palestinian territories ,Gaza Strip,Deir el-Balah,,Armed Forces of Israel,Air or Drone Strike,"Food Supply Chains, Population",Food Aid Workers,31.40,34.31,[1] Exact location,,,,,,,
"3,266",12/17/2023,occupied Palestinian territories ,Gaza Strip,Rafah,,Civilians (Palestinians),Looting or Robbery,Food Supply Chains,Food Aid,31.28,34.28,[2] 25km precision,,,,,,,
"3,267",10/17/2023,occupied Palestinian territories ,Gaza Strip,,,Armed Forces of Israel,Unidentified,Food Supply Chains,Food Aid Warehouse,31.44,34.36,[2] 25km precision,,,,,,,
"3,268",4/26/2024,occupied Palestinian territories ,Gaza Strip,Rafah,Coast of Rafah,Armed Forces of Israel,Firearms,Population,Fishers,31.35,34.22,[2] 25km precision,,,,,,,
"3,269",4/25/2024,occupied Palestinian territories ,Gaza Strip,Rafah,Khirbet al Adas,Armed Forces of Israel,Air or Drone Strike,Crops and Lands,Agricultural Land,31.29,34.27,[2] 25km precision,,,,,,,
"3,270",4/25/2024,occupied Palestinian territories ,Gaza Strip,Rafah,Mukhayyam Rafah,Armed Forces of Israel,Air or Drone Strike,Crops and Lands,Agricultural Land,31.28,34.25,[2] 25km precision,,,,,,,
"3,271",4/25/2024,occupied Palestinian territories ,Gaza Strip,Gaza City,Gaza Port,Armed Forces of Israel,"Artillery, Shelling or Missile Fire",Infrastructure and Basic Services,Fishing Port ,31.52,34.43,[2] 25km precision,,,,,,,
"3,272",4/24/2024,occupied Palestinian territories ,Gaza Strip,Deir el-Balah,Az Zawayda,Armed Forces of Israel,Air or Drone Strike,Crops and Lands,Agricultural Land,31.43,34.37,[2] 25km precision,,,,,,,
"3,273",4/21/2024,occupied Palestinian territories ,Gaza Strip,Rafah,Khirbet al Adas,Armed Forces of Israel,Air or Drone Strike,Crops and Lands,Agricultural Land,31.29,34.27,[2] 25km precision,,,,,,,
"3,274",4/20/2024,occupied Palestinian territories ,Gaza Strip,Deir el-Balah,Deir al Balah,Armed Forces of Israel,Air or Drone Strike,Crops and Lands,Agricultural Land,31.42,34.35,[2] 25km precision,,,,,,,
"3,275",4/20/2024,occupied Palestinian territories ,Gaza Strip,Deir el-Balah,An Nusayrat,Armed Forces of Israel,Air or Drone Strike,Crops and Lands,Agricultural Land,31.45,34.39,[2] 25km precision,,,,,,,
"3,276",4/17/2024,occupied Palestinian territories,Gaza Strip,Rafah,,Armed Forces of Israel,Air or Drone Strike,Crops and Lands,Agricultural Land,31.29,34.28,[2] 25km precision,,,,,,,
"3,277",4/15/2024,occupied Palestinian territories ,Gaza Strip,Khan Younis,Khan Yunis - Maen,Armed Forces of Israel,Air or Drone Strike,Crops and Lands,Agricultural Land,31.34,34.32,[2] 25km precision,,,,,,,
"3,278",4/14/2024,occupied Palestinian territories ,Gaza Strip,Deir el-Balah,Az Zawayda,Armed Forces of Israel,Air or Drone Strike,Crops and Lands,Agricultural Land,31.43,34.37,[2] 25km precision,,,,,,,
"3,279",4/13/2024,occupied Palestinian territories ,Gaza Strip,Deir el-Balah,Az Zawayda,Armed Forces of Israel,Air or Drone Strike,Crops and Lands,Agricultural Land,31.43,34.37,[2] 25km precision,,,,,,,
"3,280",4/11/2024,occupied Palestinian territories ,Gaza Strip,Gaza City,Gaza Port,Armed Forces of Israel,"Artillery, Shelling or Missile Fire",Infrastructure and Basic Services,Fishing Port ,31.52,34.43,[2] 25km precision,,,,,,,
"3,281",4/11/2024,occupied Palestinian territories ,Gaza Strip,Gaza City,Gaza - Ad Darraj,Armed Forces of Israel,Air or Drone Strike,Food Supply Chains,Market,31.52,34.46,[2] 25km precision,,,,,,,
"3,282",4/9/2024,occupied Palestinian territories ,Gaza Strip,Rafah,Tal as Sultan,Armed Forces of Israel,Air or Drone Strike,Crops and Lands,Agricultural Land,31.31,34.24,[2] 25km precision,,,,,,,
"3,283",3/30/2024,occupied Palestinian territories ,Gaza Strip,North Gaza,Jabalia,Armed Forces of Israel,Air or Drone Strike,Population,Farmer/s,31.53,34.48,[2] 25km precision,,,,,,,
"3,284",3/27/2024,occupied Palestinian territories ,Gaza Strip,Rafah,Mukhayyam Rafah,Armed Forces of Israel,Air or Drone Strike,Private Assets,Greenhouse,31.28,34.25,[2] 25km precision,,,,,,,
"3,285",3/26/2024,occupied Palestinian territories ,Gaza Strip,Rafah,Shokat as Sufi,Armed Forces of Israel,Air or Drone Strike,Private Assets,Poultry Farm,31.26,34.28,[2] 25km precision,,,,,,,
"3,286",3/21/2024,occupied Palestinian territories ,Gaza Strip,Deir el-Balah,Deir al Balah,Armed Forces of Israel,Air or Drone Strike,Crops and Lands,Agricultural Land,31.42,34.35,[2] 25km precision,,,,,,,
"3,287",3/18/2024,occupied Palestinian territories ,Gaza Strip,Gaza City,Coast of Gaza City,Armed Forces of Israel,Firearms,Private Assets,Fishing Boats,31.53,34.42,[2] 25km precision,,,,,,,
"3,288",3/14/2024,occupied Palestinian territories ,Gaza Strip,Deir el-Balah,Deir al Balah,Armed Forces of Israel,Air or Drone Strike,Crops and Lands,Agricultural Land,31.42,34.35,[2] 25km precision,,,,,,,
"3,289",3/12/2024,occupied Palestinian territories ,Gaza Strip,Deir el-Balah,Coast of An Nusayrat,Armed Forces of Israel,Firearms,"Population, Private Assets","Fishing Boats, Fishers",31.46,34.36,[2] 25km precision,,,,,,,
"3,290",3/10/2024,occupied Palestinian territories ,Gaza Strip,Rafah,As Salam,Armed Forces of Israel,Air or Drone Strike,Crops and Lands,Agricultural Land,31.27,34.26,[2] 25km precision,,,,,,,
"3,291",3/9/2024,occupied Palestinian territories ,Gaza Strip,North Gaza,Coast of North Gaza,Armed Forces of Israel,Firearms,Private Assets,Fishing Boats,31.58,34.47,[2] 25km precision,,,,,,,
"3,292",3/9/2024,occupied Palestinian territories ,Gaza Strip,Rafah,Coast of Rafah,Armed Forces of Israel,Firearms,Private Assets,Fishing Boats,31.35,34.22,[2] 25km precision,,,,,,,
"3,293",2/24/2024,occupied Palestinian territories ,Gaza Strip,,Coast of Gaza Strip,Armed Forces of Israel,"Artillery, Shelling or Missile Fire",Population,Fishers,31.50,34.29,[2] 25km precision,,,,,,,
"3,294",2/24/2024,occupied Palestinian territories ,Gaza Strip,Rafah,Brazil Camp,Armed Forces of Israel,"Artillery, Shelling or Missile Fire",Crops and Lands,Agricultural Land,31.27,34.25,[2] 25km precision,,,,,,,
"3,295",2/23/2024,occupied Palestinian territories ,Gaza Strip,Gaza City,Coast of Gaza City,Armed Forces of Israel,"Artillery, Shelling or Missile Fire",Population,Fishers,31.53,34.42,[2] 25km precision,,,,,,,
"3,296",5/10/2024,occupied Palestinian territories ,Gaza Strip,Deir el-Balah,An Nusayrat,Armed Forces of Israel,Air or Drone Strike,Population,Agricultural Land,31.45,34.39,[2] 25km precision,,,,,,,
"3,297",5/9/2024,occupied Palestinian territories ,Gaza Strip,Khan Younis,Khan Yunis Port,Armed Forces of Israel,Firearms,Population,Fishers,31.37,34.27,[2] 25km precision,,,,,,,
"3,298",5/5/2024,occupied Palestinian territories ,Gaza Strip,Deir el-Balah,An Nusayrat,Armed Forces of Israel,Air or Drone Strike,Crops and Lands,Agricultural Land,31.45,34.39,[2] 25km precision,,,,,,,
"3,299",5/4/2024,occupied Palestinian territories ,Gaza Strip,Rafah,Shokat as Sufi,Armed Forces of Israel,Air or Drone Strike,Crops and Lands,Agricultural Land,31.26,34.28,[2] 25km precision,,,,,,,
"3,300",5/2/2024,occupied Palestinian territories ,Gaza Strip,Deir el-Balah,Coast of Deir al Balah,Armed Forces of Israel,Firearms,Private Assets,Fishing Boats,31.43,34.33,[2] 25km precision,,,,,,,
"3,301",3/10/2024,occupied Palestinian territories ,Gaza Strip,North Gaza,Beit Lahia,Armed Forces of Israel,Firearms,"Food Supply Chains, Population",People Waiting for or Receiving Aid,31.55,34.50,"[3] District, Municipality, Commune",,,,,,,
"3,302",3/9/2024,occupied Palestinian territories ,Gaza Strip,North Gaza,Al Sudaniyyah,Armed Forces of Israel,Firearms,"Food Supply Chains, Population",People Waiting for or Receiving Aid,31.53,34.48,"[3] District, Municipality, Commune",,,,,,,
"3,303",3/7/2024,occupied Palestinian territories ,Gaza Strip,Gaza City,Kuwait Roundabout,Armed Forces of Israel,"Artillery, Shelling or Missile Fire","Food Supply Chains, Population",People Waiting for or Receiving Aid,31.48,34.44,"[3] District, Municipality, Commune",,,,,,,
"3,304",3/3/2024,occupied Palestinian territories ,Gaza Strip,Gaza City,Kuwait Roundabout,Armed Forces of Israel,Air or Drone Strike,"Food Supply Chains, Population",People Waiting for or Receiving Aid,31.48,34.44,[2] 25km precision,,,,,,,
"3,305",2/22/2024,occupied Palestinian territories ,Gaza Strip,North Gaza,Al Nabulsi Roundabout,Armed Forces of Israel,Firearms,"Food Supply Chains, Population",People Waiting for or Receiving Aid,31.55,34.50,[2] 25km precision,,,,,,,
"3,306",2/22/2024,occupied Palestinian territories ,Gaza Strip,Deir al-Balah Governorate,Al Rashid Road,Armed Forces of Israel,"Artillery, Shelling or Missile Fire","Food Supply Chains, Population",People Waiting for or Receiving Aid,31.44,34.36,[2] 25km precision,,,,,,,
"3,307",2/19/2024,occupied Palestinian territories ,Gaza Strip,Gaza City,Kuwait Roundabout,Armed Forces of Israel,Firearms,"Food Supply Chains, Population",People Waiting for or Receiving Aid,31.48,34.44,"[3] District, Municipality, Commune",,,,,,,
"3,308",2/18/2024,occupied Palestinian territories ,Gaza Strip,North Gaza,Gaza City,Armed Forces of Israel,Firearms,"Food Supply Chains, Population",People Waiting for or Receiving Aid,31.55,34.50,[2] 25km precision,,,,,,,
"3,309",2/4/2024,occupied Palestinian territories ,Gaza Strip,Gaza City,Kuwait Roundabout,Armed Forces of Israel,Firearms,"Food Supply Chains, Population",People Waiting for or Receiving Aid,31.48,34.44,"[3] District, Municipality, Commune",,,,,,,
"3,310",1/28/2024,occupied Palestinian territories ,Gaza Strip,Gaza City,Kuwait Roundabout,Armed Forces of Israel,Explosive,"Food Supply Chains, Population",People Waiting for or Receiving Aid,31.48,34.44,"[3] District, Municipality, Commune",,,,,,,
"3,311",1/11/2024,occupied Palestinian territories ,Gaza Strip,Gaza City,Al Rashid Road,Armed Forces of Israel,Explosive,"Food Supply Chains, Population",People Waiting for or Receiving Aid,31.50,34.41,[5] Linear feature (i.e. along a river or road),,,,,,,
"3,312",3/30/2024,occupied Palestinian territories ,Gaza Strip,,,Armed Forces of Israel,Firearms,"Food Supply Chains, Population",People Waiting for or Receiving Aid,31.44,34.36,"[4] Province, State, Governorate",,,,,,,
"3,313",3/25/2024,occupied Palestinian territories ,Gaza Strip,Gaza City,Kuwait Roundabout,Armed Forces of Israel,"Artillery, Shelling or Missile Fire","Food Supply Chains, Population",People Waiting for or Receiving Aid,31.48,34.44,[1] Exact location,,,,,,,
"3,314",3/23/2024,occupied Palestinian territories ,Gaza Strip,Gaza City,Kuwait Roundabout,Armed Forces of Israel,Air or Drone Strike,"Food Supply Chains, Population",People Waiting for or Receiving Aid,31.48,34.44,[1] Exact location,,,,,,,
"3,315",3/15/2024,occupied Palestinian territories ,Gaza Strip,Gaza City,Kuwait Roundabout,Armed Forces of Israel,Firearms,"Food Supply Chains, Population",People Waiting for or Receiving Aid,31.48,34.44,"[3] District, Municipality, Commune",,,,,,,
"3,316",3/14/2024,occupied Palestinian territories ,Gaza Strip,Gaza City,Kuwait Roundabout,Unidentified,Firearms,"Food Supply Chains, Population",People Waiting for or Receiving Aid,31.48,34.44,"[3] District, Municipality, Commune",,,,,,,
"3,317",3/13/2024,occupied Palestinian territories ,Gaza Strip,Gaza City,Kuwait Roundabout,Armed Forces of Israel,Firearms,"Food Supply Chains, Population",People Waiting for or Receiving Aid,31.48,34.44,"[3] District, Municipality, Commune",,,,,,,
"3,318",3/12/2024,occupied Palestinian territories ,Gaza Strip,Gaza City,Kuwait Roundabout,Armed Forces of Israel,Firearms,"Food Supply Chains, Population",People Waiting for or Receiving Aid,31.48,34.44,"[3] District, Municipality, Commune",,,,,,,
"3,319",3/11/2024,occupied Palestinian territories ,Gaza Strip,Gaza City,Gaza City,Armed Forces of Israel,Firearms,"Food Supply Chains, Population",People Waiting for or Receiving Aid,31.52,34.45,"[3] District, Municipality, Commune",,,,,,,
"3,320",3/10/2024,occupied Palestinian territories ,Gaza Strip,Gaza City,Kuwait Roundabout,Armed Forces of Israel,Firearms,"Food Supply Chains, Population",People Waiting for or Receiving Aid,31.48,34.44,"[3] District, Municipality, Commune",,,,,,,
"3,321",3/8/2024,occupied Palestinian territories ,Gaza Strip,Gaza City,Kuwait Roundabout,Armed Forces of Israel,Firearms,"Food Supply Chains, Population",People Waiting for or Receiving Aid,31.48,34.44,"[3] District, Municipality, Commune",,,,,,,
"3,322",3/7/2024,occupied Palestinian territories ,Gaza Strip,Gaza City,Al Nabulsi Roundabout,Armed Forces of Israel,Firearms,"Food Supply Chains, Population",People Waiting for or Receiving Aid,31.52,34.45,"[3] District, Municipality, Commune",,,,,,,
"3,323",3/6/2024,occupied Palestinian territories ,Gaza Strip,Gaza City,Al Nabulsi Roundabout,Armed Forces of Israel,Firearms,"Food Supply Chains, Population",People Waiting for or Receiving Aid,31.52,34.45,"[3] District, Municipality, Commune",,,,,,,
"3,324",3/6/2024,occupied Palestinian territories ,Gaza Strip,Gaza City,Kuwait Roundabout,Armed Forces of Israel,Firearms,"Food Supply Chains, Population",People Waiting for or Receiving Aid,31.48,34.44,"[3] District, Municipality, Commune",,,,,,,
"3,325",3/3/2024,occupied Palestinian territories ,Gaza Strip,Gaza City,Kuwait Roundabout,Armed Forces of Israel,Firearms,"Food Supply Chains, Population",People Waiting for or Receiving Aid,31.48,34.44,"[3] District, Municipality, Commune",,,,,,,
"3,326",3/2/2024,occupied Palestinian territories ,Gaza Strip,Gaza City,Al Rashid Road,Armed Forces of Israel,Firearms,"Food Supply Chains, Population",People Waiting for or Receiving Aid,31.52,34.45,"[3] District, Municipality, Commune",,,,,,,
"3,327",3/2/2024,occupied Palestinian territories ,Gaza Strip,Gaza City,Al Nabulsi Roundabout,Armed Forces of Israel,Firearms,"Food Supply Chains, Population",People Waiting for or Receiving Aid,31.52,34.45,"[3] District, Municipality, Commune",,,,,,,
"3,328",2/28/2024,occupied Palestinian territories ,Gaza Strip,Deir al-Balah Governorate,Al Rashid Road,Armed Forces of Israel,"Artillery, Shelling or Missile Fire","Food Supply Chains, Population",People Waiting for or Receiving Aid,31.44,34.37,"[3] District, Municipality, Commune",,,,,,,
"3,329",2/28/2024,occupied Palestinian territories ,Gaza Strip,Gaza Governorate,Gaza City,Armed Forces of Israel,Firearms,"Food Supply Chains, Population",People Waiting for or Receiving Aid,31.52,34.45,"[3] District, Municipality, Commune",,,,,,,
"3,330",9/16/2024,occupied Palestinian territories ,Gaza Strip,Khan Younis,Al Mawasi,Armed Forces of Israel,Air or Drone Strike,Food Supply Chains,Bakery,31.35,34.25,[2] 25km precision,,,,,,,
"3,331",9/13/2024,occupied Palestinian territories,Gaza Strip,Gaza City,,Armed Forces of Israel,Air or Drone Strike,Food Supply Chains,Bakery,31.50,34.47,[2] 25km precision,,,,,,,
"3,332",7/19/2024,occupied Palestinian territories,Gaza Strip,Deir el-Balah,,Armed Forces of Israel,Air or Drone Strike,Food Supply Chains,Bakery,31.41,34.38,[2] 25km precision,,,,,,,
"3,333",9/11/2024,occupied Palestinian territories,Gaza Strip,Gaza City,,Armed Forces of Israel,Air or Drone Strike,Food Supply Chains,Bakery,31.53,34.46,[2] 25km precision,,,,,,,
"3,334",9/5/2024,occupied Palestinian territories ,Gaza Strip,North Gaza,,Armed Forces of Israel,Air or Drone Strike,Crops and Lands,Agricultural Land,31.56,34.48,[2] 25km precision,,,,,,,
"3,335",9/3/2024,occupied Palestinian territories ,Gaza Strip,Khan Younis,,Armed Forces of Israel,Air or Drone Strike,Crops and Lands,Agricultural Land,31.32,34.34,[2] 25km precision,,,,,,,
"3,336",8/26/2024,occupied Palestinian territories ,Gaza Strip,Khan Younis,,Armed Forces of Israel,Air or Drone Strike,Crops and Lands,Agricultural Land,31.37,34.34,[2] 25km precision,,,,,,,
"3,337",8/13/2024,occupied Palestinian territories ,Gaza Strip,Khan Younis,,Armed Forces of Israel,Air or Drone Strike,Crops and Lands,Agricultural Land,31.33,34.30,[2] 25km precision,,,,,,,
"3,338",7/27/2024,occupied Palestinian territories ,Gaza Strip,Deir el-Balah,,Armed Forces of Israel,"Artillery, Shelling or Missile Fire",Crops and Lands,Agricultural Land,31.42,34.39,[2] 25km precision,,,,,,,
"3,339",7/19/2024,occupied Palestinian territories ,Gaza Strip,Deir el-Balah,,Armed Forces of Israel,"Artillery, Shelling or Missile Fire",Crops and Lands,Agricultural Land,31.43,34.37,[2] 25km precision,,,,,,,
"3,340",7/18/2024,occupied Palestinian territories ,Gaza Strip,Deir el-Balah,,Armed Forces of Israel,"Artillery, Shelling or Missile Fire",Crops and Lands,Agricultural Land,31.45,34.39,[2] 25km precision,,,,,,,
"3,341",7/16/2024,occupied Palestinian territories ,Gaza Strip,Deir el-Balah,,Armed Forces of Israel,"Artillery, Shelling or Missile Fire",Crops and Lands,Agricultural Land,31.44,34.40,[2] 25km precision,,,,,,,
"3,342",6/17/2024,occupied Palestinian territories ,Gaza Strip,Deir el-Balah,,Armed Forces of Israel,Air or Drone Strike,Crops and Lands,Agricultural Land,31.42,34.35,[2] 25km precision,,,,,,,
"3,343",6/16/2024,occupied Palestinian territories ,Gaza Strip,Khan Younis,,Armed Forces of Israel,Air or Drone Strike,Crops and Lands,Agricultural Land,31.34,34.32,[2] 25km precision,,,,,,,
"3,344",6/16/2024,occupied Palestinian territories ,Gaza Strip,Rafah,,Armed Forces of Israel,Air or Drone Strike,Crops and Lands,Agricultural Land,31.27,34.26,[2] 25km precision,,,,,,,
"3,345",6/5/2024,occupied Palestinian territories ,Gaza Strip,Khan Younis,,Armed Forces of Israel,Air or Drone Strike,Crops and Lands,Agricultural Land,31.37,34.34,[2] 25km precision,,,,,,,
"3,346",5/31/2024,occupied Palestinian territories ,Gaza Strip,Khan Younis,,Armed Forces of Israel,Air or Drone Strike,Crops and Lands,Agricultural Land,31.37,34.34,[2] 25km precision,,,,,,,
"3,347",8/21/2024,occupied Palestinian territories ,Gaza Strip,Deir el-Balah,,Armed Forces of Israel,Air or Drone Strike,Food Supply Chains,Market,31.45,34.39,[2] 25km precision,,,,,,,
"3,348",8/20/2024,occupied Palestinian territories ,Gaza Strip,Deir el-Balah,,Armed Forces of Israel,Air or Drone Strike,Food Supply Chains,Market,31.42,34.35,[2] 25km precision,,,,,,,
"3,349",7/26/2024,occupied Palestinian territories ,Gaza Strip,Gaza City,,Armed Forces of Israel,Air or Drone Strike,Food Supply Chains,Market,31.52,34.46,[2] 25km precision,,,,,,,
"3,350",7/24/2024,occupied Palestinian territories ,Gaza Strip,Khan Younis,,Armed Forces of Israel,Air or Drone Strike,Food Supply Chains,Market,31.34,34.30,[2] 25km precision,,,,,,,
"3,351",7/9/2024,occupied Palestinian territories ,Gaza Strip,Deir el-Balah,,Armed Forces of Israel,Air or Drone Strike,Food Supply Chains,Market,31.45,34.39,[2] 25km precision,,,,,,,
"3,352",6/9/2024,occupied Palestinian territories ,Gaza Strip,Gaza City,,Armed Forces of Israel,Air or Drone Strike,Food Supply Chains,Market,31.50,34.47,[2] 25km precision,,,,,,,
"3,353",5/26/2024,occupied Palestinian territories ,Gaza Strip,Rafah,,Armed Forces of Israel,"Artillery, Shelling or Missile Fire",Food Supply Chains,Market,31.26,34.28,[2] 25km precision,,,,,,,
,,,,,,,,,,,,,,,,,,,
,,,,,,,,,,,,,,,,,,,
,,,,,,,,,,,,,,,,,,,
,,,,,,,,,,,,,,,,,,,
,,,,,,,,,,,,,,,,,,,
,,,,,,,,,,,,,,,,,,,
,,,,,,,,,,,,,,,,,,,
,,,,,,,,,,,,,,,,,,,
,,,,,,,,,,,,,,,,,,,
,,,,,,,,,,,,,,,,,,,
,,,,,,,,,,,,,,,,,,,
,,,,,,,,,,,,,,,,,,,
,,,,,,,,,,,,,,,,,,,
,,,,,,,,,,,,,,,,,,,
,,,,,,,,,,,,,,,,,,,
,,,,,,,,,,,,,,,,,,,
,,,,,,,,,,,,,,,,,,,
,,,,,,,,,,,,,,,,,,,
,,,,,,,,,,,,,,,,,,,
,,,,,,,,,,,,,,,,,,,
,,,,,,,,,,,,,,,,,,,
,,,,,,,,,,,,,,,,,,,
,,,,,,,,,,,,,,,,,,,
,,,,,,,,,,,,,,,,,,,
,,,,,,,,,,,,,,,,,,,
,,,,,,,,,,,,,,,,,,,
,,,,,,,,,,,,,,,,,,,
,,,,,,,,,,,,,,,,,,,
,,,,,,,,,,,,,,,,,,,
,,,,,,,,,,,,,,,,,,,
,,,,,,,,,,,,,,,,,,,
,,,,,,,,,,,,,,,,,,,
,,,,,,,,,,,,,,,,,,,
,,,,,,,,,,,,,,,,,,,
,,,,,,,,,,,,,,,,,,,
,,,,,,,,,,,,,,,,,,,
,,,,,,,,,,,,,,,,,,,
,,,,,,,,,,,,,,,,,,,
,,,,,,,,,,,,,,,,,,,
,,,,,,,,,,,,,,,,,,,
,,,,,,,,,,,,,,,,,,,
,,,,,,,,,,,,,,,,,,,
,,,,,,,,,,,,,,,,,,,
,,,,,,,,,,,,,,,,,,,
,,,,,,,,,,,,,,,,,,,
,,,,,,,,,,,,,,,,,,,
,,,,,,,,,,,,,,,,,,,
,,,,,,,,,,,,,,,,,,,
,,,,,,,,,,,,,,,,,,,
,,,,,,,,,,,,,,,,,,,
,,,,,,,,,,,,,,,,,,,
,,,,,,,,,,,,,,,,,,,
,,,,,,,,,,,,,,,,,,,
,,,,,,,,,,,,,,,,,,,
,,,,,,,,,,,,,,,,,,,
,,,,,,,,,,,,,,,,,,,
,,,,,,,,,,,,,,,,,,,
,,,,,,,,,,,,,,,,,,,
,,,,,,,,,,,,,,,,,,,
,,,,,,,,,,,,,,,,,,,
,,,,,,,,,,,,,,,,,,,
,,,,,,,,,,,,,,,,,,,
,,,,,,,,,,,,,,,,,,,
,,,,,,,,,,,,,,,,,,,
,,,,,,,,,,,,,,,,,,,
,,,,,,,,,,,,,,,,,,,
,,,,,,,,,,,,,,,,,,,
,,,,,,,,,,,,,,,,,,,
,,,,,,,,,,,,,,,,,,,
,,,,,,,,,,,,,,,,,,,
,,,,,,,,,,,,,,,,,,,
,,,,,,,,,,,,,,,,,,,
,,,,,,,,,,,,,,,,,,,
,,,,,,,,,,,,,,,,,,,
,,,,,,,,,,,,,,,,,,,
,,,,,,,,,,,,,,,,,,,
,,,,,,,,,,,,,,,,,,,
,,,,,,,,,,,,,,,,,,,
,,,,,,,,,,,,,,,,,,,
,,,,,,,,,,,,,,,,,,,
,,,,,,,,,,,,,,,,,,,
,,,,,,,,,,,,,,,,,,,
,,,,,,,,,,,,,,,,,,,
,,,,,,,,,,,,,,,,,,,
,,,,,,,,,,,,,,,,,,,
,,,,,,,,,,,,,,,,,,,
,,,,,,,,,,,,,,,,,,,
,,,,,,,,,,,,,,,,,,,
,,,,,,,,,,,,,,,,,,,
,,,,,,,,,,,,,,,,,,,
,,,,,,,,,,,,,,,,,,,
,,,,,,,,,,,,,,,,,,,
,,,,,,,,,,,,,,,,,,,
,,,,,,,,,,,,,,,,,,,
,,,,,,,,,,,,,,,,,,,
,,,,,,,,,,,,,,,,,,,
,,,,,,,,,,,,,,,,,,,
,,,,,,,,,,,,,,,,,,,
,,,,,,,,,,,,,,,,,,,
,,,,,,,,,,,,,,,,,,,
,,,,,,,,,,,,,,,,,,,
,,,,,,,,,,,,,,,,,,,
,,,,,,,,,,,,,,,,,,,
,,,,,,,,,,,,,,,,,,,
,,,,,,,,,,,,,,,,,,,
,,,,,,,,,,,,,,,,,,,
,,,,,,,,,,,,,,,,,,,
,,,,,,,,,,,,,,,,,,,
,,,,,,,,,,,,,,,,,,,
,,,,,,,,,,,,,,,,,,,
,,,,,,,,,,,,,,,,,,,
,,,,,,,,,,,,,,,,,,,
,,,,,,,,,,,,,,,,,,,
,,,,,,,,,,,,,,,,,,,
,,,,,,,,,,,,,,,,,,,
,,,,,,,,,,,,,,,,,,,
,,,,,,,,,,,,,,,,,,,
,,,,,,,,,,,,,,,,,,,
,,,,,,,,,,,,,,,,,,,
,,,,,,,,,,,,,,,,,,,
,,,,,,,,,,,,,,,,,,,
,,,,,,,,,,,,,,,,,,,
,,,,,,,,,,,,,,,,,,,
,,,,,,,,,,,,,,,,,,,
,,,,,,,,,,,,,,,,,,,
,,,,,,,,,,,,,,,,,,,
,,,,,,,,,,,,,,,,,,,
,,,,,,,,,,,,,,,,,,,
,,,,,,,,,,,,,,,,,,,
,,,,,,,,,,,,,,,,,,,
,,,,,,,,,,,,,,,,,,,
,,,,,,,,,,,,,,,,,,,
,,,,,,,,,,,,,,,,,,,
,,,,,,,,,,,,,,,,,,,
,,,,,,,,,,,,,,,,,,,
,,,,,,,,,,,,,,,,,,,
,,,,,,,,,,,,,,,,,,,
,,,,,,,,,,,,,,,,,,,
,,,,,,,,,,,,,,,,,,,
,,,,,,,,,,,,,,,,,,,
,,,,,,,,,,,,,,,,,,,
,,,,,,,,,,,,,,,,,,,
,,,,,,,,,,,,,,,,,,,
,,,,,,,,,,,,,,,,,,,
,,,,,,,,,,,,,,,,,,,
,,,,,,,,,,,,,,,,,,,
,,,,,,,,,,,,,,,,,,,
,,,,,,,,,,,,,,,,,,,
,,,,,,,,,,,,,,,,,,,
,,,,,,,,,,,,,,,,,,,
,,,,,,,,,,,,,,,,,,,
,,,,,,,,,,,,,,,,,,,
,,,,,,,,,,,,,,,,,,,
,,,,,,,,,,,,,,,,,,,
,,,,,,,,,,,,,,,,,,,
,,,,,,,,,,,,,,,,,,,
,,,,,,,,,,,,,,,,,,,
,,,,,,,,,,,,,,,,,,,
,,,,,,,,,,,,,,,,,,,
,,,,,,,,,,,,,,,,,,,
,,,,,,,,,,,,,,,,,,,
,,,,,,,,,,,,,,,,,,,
,,,,,,,,,,,,,,,,,,,
,,,,,,,,,,,,,,,,,,,
,,,,,,,,,,,,,,,,,,,
,,,,,,,,,,,,,,,,,,,
,,,,,,,,,,,,,,,,,,,
,,,,,,,,,,,,,,,,,,,
,,,,,,,,,,,,,,,,,,,
,,,,,,,,,,,,,,,,,,,
,,,,,,,,,,,,,,,,,,,
,,,,,,,,,,,,,,,,,,,
,,,,,,,,,,,,,,,,,,,
,,,,,,,,,,,,,,,,,,,
,,,,,,,,,,,,,,,,,,,
,,,,,,,,,,,,,,,,,,,
,,,,,,,,,,,,,,,,,,,
,,,,,,,,,,,,,,,,,,,
,,,,,,,,,,,,,,,,,,,
,,,,,,,,,,,,,,,,,,,
,,,,,,,,,,,,,,,,,,,
,,,,,,,,,,,,,,,,,,,
,,,,,,,,,,,,,,,,,,,
,,,,,,,,,,,,,,,,,,,
,,,,,,,,,,,,,,,,,,,
,,,,,,,,,,,,,,,,,,,
,,,,,,,,,,,,,,,,,,,
,,,,,,,,,,,,,,,,,,,
,,,,,,,,,,,,,,,,,,,
,,,,,,,,,,,,,,,,,,,
,,,,,,,,,,,,,,,,,,,
,,,,,,,,,,,,,,,,,,,
,,,,,,,,,,,,,,,,,,,
,,,,,,,,,,,,,,,,,,,
,,,,,,,,,,,,,,,,,,,
,,,,,,,,,,,,,,,,,,,
,,,,,,,,,,,,,,,,,,,
,,,,,,,,,,,,,,,,,,,
,,,,,,,,,,,,,,,,,,,
,,,,,,,,,,,,,,,,,,,
,,,,,,,,,,,,,,,,,,,
,,,,,,,,,,,,,,,,,,,
,,,,,,,,,,,,,,,,,,,
,,,,,,,,,,,,,,,,,,,
,,,,,,,,,,,,,,,,,,,
,,,,,,,,,,,,,,,,,,,
,,,,,,,,,,,,,,,,,,,
,,,,,,,,,,,,,,,,,,,
,,,,,,,,,,,,,,,,,,,
,,,,,,,,,,,,,,,,,,,
,,,,,,,,,,,,,,,,,,,
,,,,,,,,,,,,,,,,,,,
,,,,,,,,,,,,,,,,,,,
,,,,,,,,,,,,,,,,,,,
,,,,,,,,,,,,,,,,,,,
,,,,,,,,,,,,,,,,,,,
,,,,,,,,,,,,,,,,,,,
,,,,,,,,,,,,,,,,,,,
,,,,,,,,,,,,,,,,,,,
,,,,,,,,,,,,,,,,,,,
,,,,,,,,,,,,,,,,,,,
,,,,,,,,,,,,,,,,,,,
,,,,,,,,,,,,,,,,,,,
,,,,,,,,,,,,,,,,,,,
,,,,,,,,,,,,,,,,,,,
,,,,,,,,,,,,,,,,,,,
,,,,,,,,,,,,,,,,,,,
,,,,,,,,,,,,,,,,,,,
,,,,,,,,,,,,,,,,,,,
,,,,,,,,,,,,,,,,,,,
,,,,,,,,,,,,,,,,,,,
,,,,,,,,,,,,,,,,,,,
,,,,,,,,,,,,,,,,,,,
,,,,,,,,,,,,,,,,,,,
,,,,,,,,,,,,,,,,,,,
,,,,,,,,,,,,,,,,,,,
,,,,,,,,,,,,,,,,,,,
,,,,,,,,,,,,,,,,,,,
,,,,,,,,,,,,,,,,,,,
,,,,,,,,,,,,,,,,,,,
,,,,,,,,,,,,,,,,,,,
,,,,,,,,,,,,,,,,,,,
,,,,,,,,,,,,,,,,,,,
,,,,,,,,,,,,,,,,,,,
,,,,,,,,,,,,,,,,,,,
,,,,,,,,,,,,,,,,,,,
,,,,,,,,,,,,,,,,,,,
,,,,,,,,,,,,,,,,,,,
,,,,,,,,,,,,,,,,,,,
,,,,,,,,,,,,,,,,,,,
,,,,,,,,,,,,,,,,,,,
,,,,,,,,,,,,,,,,,,,
,,,,,,,,,,,,,,,,,,,
,,,,,,,,,,,,,,,,,,,
,,,,,,,,,,,,,,,,,,,
,,,,,,,,,,,,,,,,,,,
,,,,,,,,,,,,,,,,,,,
,,,,,,,,,,,,,,,,,,,
,,,,,,,,,,,,,,,,,,,
,,,,,,,,,,,,,,,,,,,
,,,,,,,,,,,,,,,,,,,
,,,,,,,,,,,,,,,,,,,
,,,,,,,,,,,,,,,,,,,
,,,,,,,,,,,,,,,,,,,
,,,,,,,,,,,,,,,,,,,
,,,,,,,,,,,,,,,,,,,
,,,,,,,,,,,,,,,,,,,
,,,,,,,,,,,,,,,,,,,
,,,,,,,,,,,,,,,,,,,
,,,,,,,,,,,,,,,,,,,
,,,,,,,,,,,,,,,,,,,
,,,,,,,,,,,,,,,,,,,
,,,,,,,,,,,,,,,,,,,
,,,,,,,,,,,,,,,,,,,
,,,,,,,,,,,,,,,,,,,
,,,,,,,,,,,,,,,,,,,
,,,,,,,,,,,,,,,,,,,
,,,,,,,,,,,,,,,,,,,
,,,,,,,,,,,,,,,,,,,
,,,,,,,,,,,,,,,,,,,
,,,,,,,,,,,,,,,,,,,
,,,,,,,,,,,,,,,,,,,
,,,,,,,,,,,,,,,,,,,
,,,,,,,,,,,,,,,,,,,
,,,,,,,,,,,,,,,,,,,
,,,,,,,,,,,,,,,,,,,
,,,,,,,,,,,,,,,,,,,
,,,,,,,,,,,,,,,,,,,
,,,,,,,,,,,,,,,,,,,
,,,,,,,,,,,,,,,,,,,
,,,,,,,,,,,,,,,,,,,
,,,,,,,,,,,,,,,,,,,
,,,,,,,,,,,,,,,,,,,
,,,,,,,,,,,,,,,,,,,
,,,,,,,,,,,,,,,,,,,
,,,,,,,,,,,,,,,,,,,
,,,,,,,,,,,,,,,,,,,
,,,,,,,,,,,,,,,,,,,
,,,,,,,,,,,,,,,,,,,
,,,,,,,,,,,,,,,,,,,
,,,,,,,,,,,,,,,,,,,
,,,,,,,,,,,,,,,,,,,
,,,,,,,,,,,,,,,,,,,
,,,,,,,,,,,,,,,,,,,
,,,,,,,,,,,,,,,,,,,
,,,,,,,,,,,,,,,,,,,
,,,,,,,,,,,,,,,,,,,
,,,,,,,,,,,,,,,,,,,
,,,,,,,,,,,,,,,,,,,
,,,,,,,,,,,,,,,,,,,
,,,,,,,,,,,,,,,,,,,
,,,,,,,,,,,,,,,,,,,
,,,,,,,,,,,,,,,,,,,
,,,,,,,,,,,,,,,,,,,
,,,,,,,,,,,,,,,,,,,
,,,,,,,,,,,,,,,,,,,
,,,,,,,,,,,,,,,,,,,
,,,,,,,,,,,,,,,,,,,
,,,,,,,,,,,,,,,,,,,
,,,,,,,,,,,,,,,,,,,
,,,,,,,,,,,,,,,,,,,
,,,,,,,,,,,,,,,,,,,
,,,,,,,,,,,,,,,,,,,
,,,,,,,,,,,,,,,,,,,
,,,,,,,,,,,,,,,,,,,
,,,,,,,,,,,,,,,,,,,
,,,,,,,,,,,,,,,,,,,
,,,,,,,,,,,,,,,,,,,
,,,,,,,,,,,,,,,,,,,
,,,,,,,,,,,,,,,,,,,
,,,,,,,,,,,,,,,,,,,
,,,,,,,,,,,,,,,,,,,
,,,,,,,,,,,,,,,,,,,
,,,,,,,,,,,,,,,,,,,
,,,,,,,,,,,,,,,,,,,
,,,,,,,,,,,,,,,,,,,
,,,,,,,,,,,,,,,,,,,
,,,,,,,,,,,,,,,,,,,
,,,,,,,,,,,,,,,,,,,
,,,,,,,,,,,,,,,,,,,
,,,,,,,,,,,,,,,,,,,
,,,,,,,,,,,,,,,,,,,
,,,,,,,,,,,,,,,,,,,
,,,,,,,,,,,,,,,,,,,
,,,,,,,,,,,,,,,,,,,
,,,,,,,,,,,,,,,,,,,
,,,,,,,,,,,,,,,,,,,
,,,,,,,,,,,,,,,,,,,
,,,,,,,,,,,,,,,,,,,
,,,,,,,,,,,,,,,,,,,
,,,,,,,,,,,,,,,,,,,
,,,,,,,,,,,,,,,,,,,
,,,,,,,,,,,,,,,,,,,
,,,,,,,,,,,,,,,,,,,
,,,,,,,,,,,,,,,,,,,
,,,,,,,,,,,,,,,,,,,
,,,,,,,,,,,,,,,,,,,
,,,,,,,,,,,,,,,,,,,
,,,,,,,,,,,,,,,,,,,
,,,,,,,,,,,,,,,,,,,
,,,,,,,,,,,,,,,,,,,
,,,,,,,,,,,,,,,,,,,
,,,,,,,,,,,,,,,,,,,
,,,,,,,,,,,,,,,,,,,
,,,,,,,,,,,,,,,,,,,
,,,,,,,,,,,,,,,,,,,
,,,,,,,,,,,,,,,,,,,
,,,,,,,,,,,,,,,,,,,
,,,,,,,,,,,,,,,,,,,
,,,,,,,,,,,,,,,,,,,
,,,,,,,,,,,,,,,,,,,
,,,,,,,,,,,,,,,,,,,
,,,,,,,,,,,,,,,,,,,
,,,,,,,,,,,,,,,,,,,
,,,,,,,,,,,,,,,,,,,
,,,,,,,,,,,,,,,,,,,
,,,,,,,,,,,,,,,,,,,
,,,,,,,,,,,,,,,,,,,
,,,,,,,,,,,,,,,,,,,
,,,,,,,,,,,,,,,,,,,
,,,,,,,,,,,,,,,,,,,
,,,,,,,,,,,,,,,,,,,
,,,,,,,,,,,,,,,,,,,
,,,,,,,,,,,,,,,,,,,
,,,,,,,,,,,,,,,,,,,
,,,,,,,,,,,,,,,,,,,
,,,,,,,,,,,,,,,,,,,
,,,,,,,,,,,,,,,,,,,
,,,,,,,,,,,,,,,,,,,
,,,,,,,,,,,,,,,,,,,
,,,,,,,,,,,,,,,,,,,
,,,,,,,,,,,,,,,,,,,
,,,,,,,,,,,,,,,,,,,
,,,,,,,,,,,,,,,,,,,
,,,,,,,,,,,,,,,,,,,
,,,,,,,,,,,,,,,,,,,
,,,,,,,,,,,,,,,,,,,
,,,,,,,,,,,,,,,,,,,
,,,,,,,,,,,,,,,,,,,
,,,,,,,,,,,,,,,,,,,
,,,,,,,,,,,,,,,,,,,
,,,,,,,,,,,,,,,,,,,
,,,,,,,,,,,,,,,,,,,
,,,,,,,,,,,,,,,,,,,
,,,,,,,,,,,,,,,,,,,
,,,,,,,,,,,,,,,,,,,
,,,,,,,,,,,,,,,,,,,
,,,,,,,,,,,,,,,,,,,
,,,,,,,,,,,,,,,,,,,
,,,,,,,,,,,,,,,,,,,
,,,,,,,,,,,,,,,,,,,
,,,,,,,,,,,,,,,,,,,
,,,,,,,,,,,,,,,,,,,
,,,,,,,,,,,,,,,,,,,
,,,,,,,,,,,,,,,,,,,
,,,,,,,,,,,,,,,,,,,
,,,,,,,,,,,,,,,,,,,
,,,,,,,,,,,,,,,,,,,
,,,,,,,,,,,,,,,,,,,
,,,,,,,,,,,,,,,,,,,
,,,,,,,,,,,,,,,,,,,
,,,,,,,,,,,,,,,,,,,
,,,,,,,,,,,,,,,,,,,
,,,,,,,,,,,,,,,,,,,
,,,,,,,,,,,,,,,,,,,
,,,,,,,,,,,,,,,,,,,
,,,,,,,,,,,,,,,,,,,
,,,,,,,,,,,,,,,,,,,
,,,,,,,,,,,,,,,,,,,
,,,,,,,,,,,,,,,,,,,
,,,,,,,,,,,,,,,,,,,
,,,,,,,,,,,,,,,,,,,
,,,,,,,,,,,,,,,,,,,
,,,,,,,,,,,,,,,,,,,
,,,,,,,,,,,,,,,,,,,
,,,,,,,,,,,,,,,,,,,
,,,,,,,,,,,,,,,,,,,
,,,,,,,,,,,,,,,,,,,
,,,,,,,,,,,,,,,,,,,
,,,,,,,,,,,,,,,,,,,
,,,,,,,,,,,,,,,,,,,
,,,,,,,,,,,,,,,,,,,
,,,,,,,,,,,,,,,,,,,
,,,,,,,,,,,,,,,,,,,
,,,,,,,,,,,,,,,,,,,
,,,,,,,,,,,,,,,,,,,
,,,,,,,,,,,,,,,,,,,
,,,,,,,,,,,,,,,,,,,
,,,,,,,,,,,,,,,,,,,
,,,,,,,,,,,,,,,,,,,
,,,,,,,,,,,,,,,,,,,
,,,,,,,,,,,,,,,,,,,
,,,,,,,,,,,,,,,,,,,
,,,,,,,,,,,,,,,,,,,
,,,,,,,,,,,,,,,,,,,
,,,,,,,,,,,,,,,,,,,
,,,,,,,,,,,,,,,,,,,
,,,,,,,,,,,,,,,,,,,
,,,,,,,,,,,,,,,,,,,
,,,,,,,,,,,,,,,,,,,
,,,,,,,,,,,,,,,,,,,
,,,,,,,,,,,,,,,,,,,
,,,,,,,,,,,,,,,,,,,
,,,,,,,,,,,,,,,,,,,
,,,,,,,,,,,,,,,,,,,
,,,,,,,,,,,,,,,,,,,
,,,,,,,,,,,,,,,,,,,
,,,,,,,,,,,,,,,,,,,
,,,,,,,,,,,,,,,,,,,
,,,,,,,,,,,,,,,,,,,
,,,,,,,,,,,,,,,,,,,
,,,,,,,,,,,,,,,,,,,
,,,,,,,,,,,,,,,,,,,
,,,,,,,,,,,,,,,,,,,
,,,,,,,,,,,,,,,,,,,
,,,,,,,,,,,,,,,,,,,
,,,,,,,,,,,,,,,,,,,
,,,,,,,,,,,,,,,,,,,
,,,,,,,,,,,,,,,,,,,
,,,,,,,,,,,,,,,,,,,
,,,,,,,,,,,,,,,,,,,
,,,,,,,,,,,,,,,,,,,
,,,,,,,,,,,,,,,,,,,
,,,,,,,,,,,,,,,,,,,
,,,,,,,,,,,,,,,,,,,
,,,,,,,,,,,,,,,,,,,
,,,,,,,,,,,,,,,,,,,
,,,,,,,,,,,,,,,,,,,
,,,,,,,,,,,,,,,,,,,
,,,,,,,,,,,,,,,,,,,
,,,,,,,,,,,,,,,,,,,
,,,,,,,,,,,,,,,,,,,
,,,,,,,,,,,,,,,,,,,
,,,,,,,,,,,,,,,,,,,
,,,,,,,,,,,,,,,,,,,
,,,,,,,,,,,,,,,,,,,
,,,,,,,,,,,,,,,,,,,
,,,,,,,,,,,,,,,,,,,
,,,,,,,,,,,,,,,,,,,
,,,,,,,,,,,,,,,,,,,
,,,,,,,,,,,,,,,,,,,
,,,,,,,,,,,,,,,,,,,
,,,,,,,,,,,,,,,,,,,
,,,,,,,,,,,,,,,,,,,
,,,,,,,,,,,,,,,,,,,
,,,,,,,,,,,,,,,,,,,
,,,,,,,,,,,,,,,,,,,
,,,,,,,,,,,,,,,,,,,
,,,,,,,,,,,,,,,,,,,
,,,,,,,,,,,,,,,,,,,
,,,,,,,,,,,,,,,,,,,
,,,,,,,,,,,,,,,,,,,
,,,,,,,,,,,,,,,,,,,
,,,,,,,,,,,,,,,,,,,
,,,,,,,,,,,,,,,,,,,
,,,,,,,,,,,,,,,,,,,
,,,,,,,,,,,,,,,,,,,
,,,,,,,,,,,,,,,,,,,
,,,,,,,,,,,,,,,,,,,
,,,,,,,,,,,,,,,,,,,
,,,,,,,,,,,,,,,,,,,
,,,,,,,,,,,,,,,,,,,
,,,,,,,,,,,,,,,,,,,
,,,,,,,,,,,,,,,,,,,
,,,,,,,,,,,,,,,,,,,
,,,,,,,,,,,,,,,,,,,
,,,,,,,,,,,,,,,,,,,
,,,,,,,,,,,,,,,,,,,
,,,,,,,,,,,,,,,,,,,
,,,,,,,,,,,,,,,,,,,
,,,,,,,,,,,,,,,,,,,
,,,,,,,,,,,,,,,,,,,
,,,,,,,,,,,,,,,,,,,
,,,,,,,,,,,,,,,,,,,
,,,,,,,,,,,,,,,,,,,
,,,,,,,,,,,,,,,,,,,
,,,,,,,,,,,,,,,,,,,
,,,,,,,,,,,,,,,,,,,
,,,,,,,,,,,,,,,,,,,
,,,,,,,,,,,,,,,,,,,
,,,,,,,,,,,,,,,,,,,
,,,,,,,,,,,,,,,,,,,
,,,,,,,,,,,,,,,,,,,
,,,,,,,,,,,,,,,,,,,
,,,,,,,,,,,,,,,,,,,
,,,,,,,,,,,,,,,,,,,
,,,,,,,,,,,,,,,,,,,
,,,,,,,,,,,,,,,,,,,
,,,,,,,,,,,,,,,,,,,
,,,,,,,,,,,,,,,,,,,
,,,,,,,,,,,,,,,,,,,
,,,,,,,,,,,,,,,,,,,
,,,,,,,,,,,,,,,,,,,
,,,,,,,,,,,,,,,,,,,
,,,,,,,,,,,,,,,,,,,
,,,,,,,,,,,,,,,,,,,
,,,,,,,,,,,,,,,,,,,
,,,,,,,,,,,,,,,,,,,
,,,,,,,,,,,,,,,,,,,
,,,,,,,,,,,,,,,,,,,
,,,,,,,,,,,,,,,,,,,
,,,,,,,,,,,,,,,,,,,
,,,,,,,,,,,,,,,,,,,
,,,,,,,,,,,,,,,,,,,
,,,,,,,,,,,,,,,,,,,
,,,,,,,,,,,,,,,,,,,
,,,,,,,,,,,,,,,,,,,
,,,,,,,,,,,,,,,,,,,
,,,,,,,,,,,,,,,,,,,
,,,,,,,,,,,,,,,,,,,
,,,,,,,,,,,,,,,,,,,
,,,,,,,,,,,,,,,,,,,
,,,,,,,,,,,,,,,,,,,
,,,,,,,,,,,,,,,,,,,
,,,,,,,,,,,,,,,,,,,
,,,,,,,,,,,,,,,,,,,
,,,,,,,,,,,,,,,,,,,
,,,,,,,,,,,,,,,,,,,
,,,,,,,,,,,,,,,,,,,
,,,,,,,,,,,,,,,,,,,
,,,,,,,,,,,,,,,,,,,
,,,,,,,,,,,,,,,,,,,
,,,,,,,,,,,,,,,,,,,
,,,,,,,,,,,,,,,,,,,
,,,,,,,,,,,,,,,,,,,
,,,,,,,,,,,,,,,,,,,
,,,,,,,,,,,,,,,,,,,
,,,,,,,,,,,,,,,,,,,
,,,,,,,,,,,,,,,,,,,
,,,,,,,,,,,,,,,,,,,
,,,,,,,,,,,,,,,,,,,
,,,,,,,,,,,,,,,,,,,
,,,,,,,,,,,,,,,,,,,
,,,,,,,,,,,,,,,,,,,
,,,,,,,,,,,,,,,,,,,
,,,,,,,,,,,,,,,,,,,
,,,,,,,,,,,,,,,,,,,
,,,,,,,,,,,,,,,,,,,
,,,,,,,,,,,,,,,,,,,
,,,,,,,,,,,,,,,,,,,
,,,,,,,,,,,,,,,,,,,
,,,,,,,,,,,,,,,,,,,
,,,,,,,,,,,,,,,,,,,
,,,,,,,,,,,,,,,,,,,
,,,,,,,,,,,,,,,,,,,
,,,,,,,,,,,,,,,,,,,
,,,,,,,,,,,,,,,,,,,
,,,,,,,,,,,,,,,,,,,
,,,,,,,,,,,,,,,,,,,
,,,,,,,,,,,,,,,,,,,
,,,,,,,,,,,,,,,,,,,
,,,,,,,,,,,,,,,,,,,
,,,,,,,,,,,,,,,,,,,
,,,,,,,,,,,,,,,,,,,
,,,,,,,,,,,,,,,,,,,
,,,,,,,,,,,,,,,,,,,
,,,,,,,,,,,,,,,,,,,
,,,,,,,,,,,,,,,,,,,
,,,,,,,,,,,,,,,,,,,
,,,,,,,,,,,,,,,,,,,
,,,,,,,,,,,,,,,,,,,
,,,,,,,,,,,,,,,,,,,
,,,,,,,,,,,,,,,,,,,
,,,,,,,,,,,,,,,,,,,
,,,,,,,,,,,,,,,,,,,
,,,,,,,,,,,,,,,,,,,
,,,,,,,,,,,,,,,,,,,
,,,,,,,,,,,,,,,,,,,
,,,,,,,,,,,,,,,,,,,
,,,,,,,,,,,,,,,,,,,
,,,,,,,,,,,,,,,,,,,
,,,,,,,,,,,,,,,,,,,
,,,,,,,,,,,,,,,,,,,
,,,,,,,,,,,,,,,,,,,
,,,,,,,,,,,,,,,,,,,
,,,,,,,,,,,,,,,,,,,
,,,,,,,,,,,,,,,,,,,
,,,,,,,,,,,,,,,,,,,
,,,,,,,,,,,,,,,,,,,
,,,,,,,,,,,,,,,,,,,
,,,,,,,,,,,,,,,,,,,
,,,,,,,,,,,,,,,,,,,
,,,,,,,,,,,,,,,,,,,
,,,,,,,,,,,,,,,,,,,
,,,,,,,,,,,,,,,,,,,
,,,,,,,,,,,,,,,,,,,
,,,,,,,,,,,,,,,,,,,
,,,,,,,,,,,,,,,,,,,
,,,,,,,,,,,,,,,,,,,
,,,,,,,,,,,,,,,,,,,
,,,,,,,,,,,,,,,,,,,
,,,,,,,,,,,,,,,,,,,
,,,,,,,,,,,,,,,,,,,
,,,,,,,,,,,,,,,,,,,
,,,,,,,,,,,,,,,,,,,
,,,,,,,,,,,,,,,,,,,
,,,,,,,,,,,,,,,,,,,
,,,,,,,,,,,,,,,,,,,
,,,,,,,,,,,,,,,,,,,
,,,,,,,,,,,,,,,,,,,
,,,,,,,,,,,,,,,,,,,
,,,,,,,,,,,,,,,,,,,
,,,,,,,,,,,,,,,,,,,
,,,,,,,,,,,,,,,,,,,
,,,,,,,,,,,,,,,,,,,
,,,,,,,,,,,,,,,,,,,
,,,,,,,,,,,,,,,,,,,
,,,,,,,,,,,,,,,,,,,
,,,,,,,,,,,,,,,,,,,
,,,,,,,,,,,,,,,,,,,
,,,,,,,,,,,,,,,,,,,
,,,,,,,,,,,,,,,,,,,
,,,,,,,,,,,,,,,,,,,
,,,,,,,,,,,,,,,,,,,
,,,,,,,,,,,,,,,,,,,
,,,,,,,,,,,,,,,,,,,
,,,,,,,,,,,,,,,,,,,
,,,,,,,,,,,,,,,,,,,
,,,,,,,,,,,,,,,,,,,
,,,,,,,,,,,,,,,,,,,
,,,,,,,,,,,,,,,,,,,
,,,,,,,,,,,,,,,,,,,
,,,,,,,,,,,,,,,,,,,
,,,,,,,,,,,,,,,,,,,
,,,,,,,,,,,,,,,,,,,
,,,,,,,,,,,,,,,,,,,
,,,,,,,,,,,,,,,,,,,
,,,,,,,,,,,,,,,,,,,
,,,,,,,,,,,,,,,,,,,
,,,,,,,,,,,,,,,,,,,
,,,,,,,,,,,,,,,,,,,
,,,,,,,,,,,,,,,,,,,
,,,,,,,,,,,,,,,,,,,
,,,,,,,,,,,,,,,,,,,
,,,,,,,,,,,,,,,,,,,
,,,,,,,,,,,,,,,,,,,
,,,,,,,,,,,,,,,,,,,
,,,,,,,,,,,,,,,,,,,
,,,,,,,,,,,,,,,,,,,
,,,,,,,,,,,,,,,,,,,
,,,,,,,,,,,,,,,,,,,
,,,,,,,,,,,,,,,,,,,
,,,,,,,,,,,,,,,,,,,
,,,,,,,,,,,,,,,,,,,
,,,,,,,,,,,,,,,,,,,
,,,,,,,,,,,,,,,,,,,
,,,,,,,,,,,,,,,,,,,
,,,,,,,,,,,,,,,,,,,
,,,,,,,,,,,,,,,,,,,
,,,,,,,,,,,,,,,,,,,
,,,,,,,,,,,,,,,,,,,
,,,,,,,,,,,,,,,,,,,
,,,,,,,,,,,,,,,,,,,
,,,,,,,,,,,,,,,,,,,
,,,,,,,,,,,,,,,,,,,
,,,,,,,,,,,,,,,,,,,
,,,,,,,,,,,,,,,,,,,
,,,,,,,,,,,,,,,,,,,
,,,,,,,,,,,,,,,,,,,
,,,,,,,,,,,,,,,,,,,
,,,,,,,,,,,,,,,,,,,
,,,,,,,,,,,,,,,,,,,
,,,,,,,,,,,,,,,,,,,
,,,,,,,,,,,,,,,,,,,
,,,,,,,,,,,,,,,,,,,
,,,,,,,,,,,,,,,,,,,
,,,,,,,,,,,,,,,,,,,
,,,,,,,,,,,,,,,,,,,
,,,,,,,,,,,,,,,,,,,
,,,,,,,,,,,,,,,,,,,
,,,,,,,,,,,,,,,,,,,
,,,,,,,,,,,,,,,,,,,
,,,,,,,,,,,,,,,,,,,
,,,,,,,,,,,,,,,,,,,
,,,,,,,,,,,,,,,,,,,
,,,,,,,,,,,,,,,,,,,
,,,,,,,,,,,,,,,,,,,
,,,,,,,,,,,,,,,,,,,
,,,,,,,,,,,,,,,,,,,
,,,,,,,,,,,,,,,,,,,
,,,,,,,,,,,,,,,,,,,
,,,,,,,,,,,,,,,,,,,
,,,,,,,,,,,,,,,,,,,
,,,,,,,,,,,,,,,,,,,
,,,,,,,,,,,,,,,,,,,
,,,,,,,,,,,,,,,,,,,
,,,,,,,,,,,,,,,,,,,
,,,,,,,,,,,,,,,,,,,
,,,,,,,,,,,,,,,,,,,
,,,,,,,,,,,,,,,,,,,
,,,,,,,,,,,,,,,,,,,
,,,,,,,,,,,,,,,,,,,
,,,,,,,,,,,,,,,,,,,
,,,,,,,,,,,,,,,,,,,
,,,,,,,,,,,,,,,,,,,
,,,,,,,,,,,,,,,,,,,
,,,,,,,,,,,,,,,,,,,
,,,,,,,,,,,,,,,,,,,
,,,,,,,,,,,,,,,,,,,
,,,,,,,,,,,,,,,,,,,
,,,,,,,,,,,,,,,,,,,
,,,,,,,,,,,,,,,,,,,
,,,,,,,,,,,,,,,,,,,
,,,,,,,,,,,,,,,,,,,
,,,,,,,,,,,,,,,,,,,
,,,,,,,,,,,,,,,,,,,
,,,,,,,,,,,,,,,,,,,
,,,,,,,,,,,,,,,,,,,
,,,,,,,,,,,,,,,,,,,
,,,,,,,,,,,,,,,,,,,
,,,,,,,,,,,,,,,,,,,
,,,,,,,,,,,,,,,,,,,
,,,,,,,,,,,,,,,,,,,
,,,,,,,,,,,,,,,,,,,
,,,,,,,,,,,,,,,,,,,
,,,,,,,,,,,,,,,,,,,
,,,,,,,,,,,,,,,,,,,
,,,,,,,,,,,,,,,,,,,
,,,,,,,,,,,,,,,,,,,
,,,,,,,,,,,,,,,,,,,
,,,,,,,,,,,,,,,,,,,
,,,,,,,,,,,,,,,,,,,
,,,,,,,,,,,,,,,,,,,
,,,,,,,,,,,,,,,,,,,
,,,,,,,,,,,,,,,,,,,
,,,,,,,,,,,,,,,,,,,
,,,,,,,,,,,,,,,,,,,
,,,,,,,,,,,,,,,,,,,
,,,,,,,,,,,,,,,,,,,
,,,,,,,,,,,,,,,,,,,
,,,,,,,,,,,,,,,,,,,
,,,,,,,,,,,,,,,,,,,
,,,,,,,,,,,,,,,,,,,
,,,,,,,,,,,,,,,,,,,
,,,,,,,,,,,,,,,,,,,
,,,,,,,,,,,,,,,,,,,
,,,,,,,,,,,,,,,,,,,
,,,,,,,,,,,,,,,,,,,
,,,,,,,,,,,,,,,,,,,
,,,,,,,,,,,,,,,,,,,
,,,,,,,,,,,,,,,,,,,
,,,,,,,,,,,,,,,,,,,
,,,,,,,,,,,,,,,,,,,
,,,,,,,,,,,,,,,,,,,
,,,,,,,,,,,,,,,,,,,
,,,,,,,,,,,,,,,,,,,
,,,,,,,,,,,,,,,,,,,
,,,,,,,,,,,,,,,,,,,
,,,,,,,,,,,,,,,,,,,
,,,,,,,,,,,,,,,,,,,
