indicatorId,geoUnit,year,value,qualifier,magnitude
PTRHC.1.TRAINED,AGO,2021,57.78194046020508,,
PTRHC.1.TRAINED,AIMS: Asia and the Pacific,2019,24.3990592956543,UIS_EST,
PTRHC.1.TRAINED,AIMS: Asia and the Pacific,2020,23.81608009338379,UIS_EST,
PTRHC.1.TRAINED,AIMS: Asia and the Pacific,2021,23.33962059020996,UIS_EST,
PTRHC.1.TRAINED,AIMS: Central Asia,2019,21.20978927612305,,
PTRHC.1.TRAINED,AIMS: Central Asia,2020,21.04371070861816,,
PTRHC.1.TRAINED,AIMS: Central Asia,2021,21.17789077758789,UIS_EST,
PTRHC.1.TRAINED,AIMS: Central Asia,2022,21.56063079833984,UIS_EST,
PTRHC.1.TRAINED,AIMS: Central Asia,2023,22.08259963989258,UIS_EST,
PTRHC.1.TRAINED,AIMS: South and West Asia,2019,40.46696090698242,,
PTRHC.1.TRAINED,AIMS: South and West Asia,2020,37.72333145141602,,
PTRHC.1.TRAINED,AIMS: South and West Asia,2021,33.73628997802734,,
PTRHC.1.TRAINED,AIMS: South and West Asia,2022,35.64360809326172,,
PTRHC.1.TRAINED,AIMS: South and West Asia,2023,32.91286087036133,,
PTRHC.1.TRAINED,ALB,2021,26.35544013977051,,
PTRHC.1.TRAINED,ALECSO: Gulf countries,2019,13.29911994934082,,
PTRHC.1.TRAINED,ALECSO: Gulf countries,2020,12.84226989746094,,
PTRHC.1.TRAINED,ALECSO: Gulf countries,2021,13.13306045532227,,
PTRHC.1.TRAINED,ALECSO: Gulf countries,2022,13.68064975738525,,
PTRHC.1.TRAINED,ALECSO: Gulf countries,2023,15.18251037597656,UIS_EST,
PTRHC.1.TRAINED,ALECSO: Maghreb countries,2019,23.97224044799805,UIS_EST,
PTRHC.1.TRAINED,ALECSO: Maghreb countries,2020,24.63010025024414,UIS_EST,
PTRHC.1.TRAINED,ALECSO: Maghreb countries,2021,24.22333908081055,,
PTRHC.1.TRAINED,ALECSO: Maghreb countries,2022,24.6849193572998,,
PTRHC.1.TRAINED,ALECSO: Maghreb countries,2023,24.94607925415039,,
PTRHC.1.TRAINED,ALECSO: Mashriq countries,2019,29.4267406463623,UIS_EST,
PTRHC.1.TRAINED,ALECSO: Mashriq countries,2020,31.87836074829102,UIS_EST,
PTRHC.1.TRAINED,ALECSO: Mashriq countries,2021,31.24724960327148,UIS_EST,
PTRHC.1.TRAINED,ALECSO: Mashriq countries,2022,31.76143074035645,UIS_EST,
PTRHC.1.TRAINED,ALECSO: Member countries,2019,24.84423065185547,UIS_EST,
PTRHC.1.TRAINED,ALECSO: Member countries,2020,25.74621963500977,UIS_EST,
PTRHC.1.TRAINED,ALECSO: Member countries,2021,25.61597061157227,UIS_EST,
PTRHC.1.TRAINED,ALECSO: Member countries,2022,26.0006103515625,UIS_EST,
PTRHC.1.TRAINED,ALECSO: Member countries,2023,26.17572021484375,UIS_EST,
PTRHC.1.TRAINED,AND,2019,10.51581954956055,,
PTRHC.1.TRAINED,AND,2020,10.33090019226074,,
PTRHC.1.TRAINED,AND,2021,10.02439022064209,,
PTRHC.1.TRAINED,AND,2022,9.71327018737793,,
PTRHC.1.TRAINED,AND,2023,10.21770000457764,,
PTRHC.1.TRAINED,ARE,2019,18.59927940368652,,
PTRHC.1.TRAINED,ARE,2020,16.7022590637207,,
PTRHC.1.TRAINED,ARE,2021,16.4113597869873,,
PTRHC.1.TRAINED,ARE,2022,16.07769966125488,,
PTRHC.1.TRAINED,ARE,2023,14.83323001861572,,
PTRHC.1.TRAINED,ARM,2019,29.06796073913574,,
PTRHC.1.TRAINED,ARM,2020,25.56609916687012,,
PTRHC.1.TRAINED,ARM,2021,26.04533958435059,,
PTRHC.1.TRAINED,ARM,2022,24.37055969238281,,
PTRHC.1.TRAINED,ARM,2023,23.64879989624023,,
PTRHC.1.TRAINED,AZE,2019,15.78862953186035,,
PTRHC.1.TRAINED,AZE,2020,16.23922920227051,,
PTRHC.1.TRAINED,AZE,2021,16.07728004455566,,
PTRHC.1.TRAINED,AZE,2022,16.03725051879883,,
PTRHC.1.TRAINED,AZE,2023,15.96916007995605,,
PTRHC.1.TRAINED,BDI,2019,42.92427825927734,,
PTRHC.1.TRAINED,BEN,2019,57.40560150146484,,
PTRHC.1.TRAINED,BEN,2020,49.731689453125,,
PTRHC.1.TRAINED,BEN,2021,51.88238143920898,,
PTRHC.1.TRAINED,BFA,2019,44.46897888183594,,
PTRHC.1.TRAINED,BFA,2020,41.49237060546875,,
PTRHC.1.TRAINED,BFA,2021,38.91659164428711,,
PTRHC.1.TRAINED,BFA,2022,40.7122688293457,,
PTRHC.1.TRAINED,BFA,2023,37.40526962280273,,
PTRHC.1.TRAINED,BGD,2021,71.39386428195687,,
PTRHC.1.TRAINED,BGD,2022,64.28598451505606,,
PTRHC.1.TRAINED,BGD,2023,54.70905522810585,,
PTRHC.1.TRAINED,BHR,2019,12.24302005767822,,
PTRHC.1.TRAINED,BHR,2022,13.24691963195801,,
PTRHC.1.TRAINED,BHR,2023,13.1278600692749,,
PTRHC.1.TRAINED,BHS,2019,21.96873092651367,,
PTRHC.1.TRAINED,BHS,2021,18.8219108581543,,
PTRHC.1.TRAINED,BHS,2023,11.7495002746582,,
PTRHC.1.TRAINED,BLR,2019,19.53377914428711,,
PTRHC.1.TRAINED,BLR,2020,19.62812995910645,,
PTRHC.1.TRAINED,BLR,2021,19.88909912109375,,
PTRHC.1.TRAINED,BLR,2022,20.20064926147461,,
PTRHC.1.TRAINED,BLR,2023,20.22430992126465,,
PTRHC.1.TRAINED,BLZ,2019,23.34939956665039,,
PTRHC.1.TRAINED,BLZ,2020,22.11494064331055,,
PTRHC.1.TRAINED,BLZ,2021,21.80238914489746,,
PTRHC.1.TRAINED,BLZ,2022,20.73409080505371,,
PTRHC.1.TRAINED,BLZ,2023,20.03898048400879,,
PTRHC.1.TRAINED,BOL,2019,20.53963088989258,,
PTRHC.1.TRAINED,BOL,2020,20.52629089355469,,
PTRHC.1.TRAINED,BOL,2021,20.59049034118652,,
PTRHC.1.TRAINED,BOL,2022,20.58941078186035,,
PTRHC.1.TRAINED,BOL,2023,20.23269081115723,,
PTRHC.1.TRAINED,BRA,2019,21.96556091308594,,
PTRHC.1.TRAINED,BRA,2020,21.50532913208008,,
PTRHC.1.TRAINED,BRA,2021,22.0427303314209,,
PTRHC.1.TRAINED,BRA,2022,21.34441947937012,,
PTRHC.1.TRAINED,BRA,2023,20.91659927368164,,
PTRHC.1.TRAINED,BRB,2019,18.9476203918457,,
PTRHC.1.TRAINED,BRB,2020,17.36643028259277,,
PTRHC.1.TRAINED,BRB,2021,15.89527988433838,,
PTRHC.1.TRAINED,BRB,2022,14.69363975524902,,
PTRHC.1.TRAINED,BRB,2023,14.09418964385986,,
PTRHC.1.TRAINED,BRN,2019,11.28119608970673,,
PTRHC.1.TRAINED,BRN,2020,10.93162393162393,,
PTRHC.1.TRAINED,BRN,2021,12.44724409448819,,
PTRHC.1.TRAINED,BRN,2022,11.92826617826618,,
PTRHC.1.TRAINED,BRN,2023,11.76234003656307,,
PTRHC.1.TRAINED,BTN,2019,36.2329705763805,,
PTRHC.1.TRAINED,BTN,2020,33.71464375223773,,
PTRHC.1.TRAINED,BTN,2021,33.23214926444205,,
PTRHC.1.TRAINED,BTN,2022,29.0926876202694,,
PTRHC.1.TRAINED,BWA,2022,22.99102463707005,,
PTRHC.1.TRAINED,CECC-SICA,2019,24.68835067749023,UIS_EST,
PTRHC.1.TRAINED,CECC-SICA,2020,24.71081924438477,UIS_EST,
PTRHC.1.TRAINED,CECC-SICA,2021,24.81106948852539,UIS_EST,
PTRHC.1.TRAINED,CIV,2019,41.59663009643555,,
PTRHC.1.TRAINED,CIV,2020,40.57406997680664,,
PTRHC.1.TRAINED,CIV,2021,40.92063140869141,,
PTRHC.1.TRAINED,CIV,2022,41.82653045654297,,
PTRHC.1.TRAINED,CIV,2023,43.91136932373047,,
PTRHC.1.TRAINED,CMR,2020,85.42525047109088,,
PTRHC.1.TRAINED,CMR,2021,54.67258834838867,,
PTRHC.1.TRAINED,CMR,2022,52.89085006713867,,
PTRHC.1.TRAINED,CMR,2023,59.88832855224609,,
PTRHC.1.TRAINED,COD,2021,39.3931884765625,,
PTRHC.1.TRAINED,COK,2019,16.70536041259766,,
PTRHC.1.TRAINED,COK,2020,16.26548957824707,,
PTRHC.1.TRAINED,COK,2021,15.50893020629883,,
PTRHC.1.TRAINED,COK,2022,14.83928966522217,,
PTRHC.1.TRAINED,COK,2023,15.55445957183838,,
PTRHC.1.TRAINED,COL,2019,23.67988014221191,,
PTRHC.1.TRAINED,COL,2020,24.09236907958984,,
PTRHC.1.TRAINED,COL,2021,24.67716979980469,,
PTRHC.1.TRAINED,COL,2022,23.45817947387695,,
PTRHC.1.TRAINED,COM,2021,39.31287425149701,,
PTRHC.1.TRAINED,COM,2023,37.04870530209618,,
PTRHC.1.TRAINED,CPV,2019,20.46290016174316,,
PTRHC.1.TRAINED,CPV,2020,19.73600959777832,,
PTRHC.1.TRAINED,CPV,2021,21.34181022644043,,
PTRHC.1.TRAINED,CRI,2019,12.30906963348389,,
PTRHC.1.TRAINED,CRI,2020,12.13010025024414,,
PTRHC.1.TRAINED,CUB,2019,9.323470115661621,,
PTRHC.1.TRAINED,CUB,2020,8.978050231933594,,
PTRHC.1.TRAINED,CUB,2021,8.559089660644531,,
PTRHC.1.TRAINED,CUB,2022,8.32470989227295,,
PTRHC.1.TRAINED,CUB,2023,8.37125015258789,,
PTRHC.1.TRAINED,CYM,2019,14.40025997161865,,
PTRHC.1.TRAINED,CYM,2020,13.07005023956299,,
PTRHC.1.TRAINED,CYM,2021,13.05521965026855,,
PTRHC.1.TRAINED,CYM,2022,13.29203987121582,,
PTRHC.1.TRAINED,CYM,2023,12.67313003540039,,
PTRHC.1.TRAINED,CYP,2019,11.54907989501953,,
PTRHC.1.TRAINED,CYP,2020,11.56830024719238,,
PTRHC.1.TRAINED,CYP,2021,11.26694011688232,,
PTRHC.1.TRAINED,DJI,2023,38.53234100341797,,
PTRHC.1.TRAINED,DMA,2019,18.61817932128906,,
PTRHC.1.TRAINED,DMA,2020,20.68561935424805,,
PTRHC.1.TRAINED,DMA,2021,18.55588912963867,,
PTRHC.1.TRAINED,DMA,2022,16.1702709197998,,
PTRHC.1.TRAINED,DMA,2023,15.79726028442383,,
PTRHC.1.TRAINED,DOM,2019,20.90909004211426,,
PTRHC.1.TRAINED,DOM,2020,19.83386993408203,,
PTRHC.1.TRAINED,DOM,2021,18.62313079833984,,
PTRHC.1.TRAINED,DZA,2021,24.62682914733887,,
PTRHC.1.TRAINED,DZA,2022,25.53473091125488,,
PTRHC.1.TRAINED,DZA,2023,26.69075965881348,,
PTRHC.1.TRAINED,ECA: AMU (UNSDCode:98111),2019,23.97224044799805,UIS_EST,
PTRHC.1.TRAINED,ECA: AMU (UNSDCode:98111),2020,24.63010025024414,UIS_EST,
PTRHC.1.TRAINED,ECA: AMU (UNSDCode:98111),2021,24.22333908081055,,
PTRHC.1.TRAINED,ECA: AMU (UNSDCode:98111),2022,24.6849193572998,,
PTRHC.1.TRAINED,ECA: AMU (UNSDCode:98111),2023,24.94607925415039,,
PTRHC.1.TRAINED,ECA: African Union Commission (UNSDCode:98106),2019,47.49982070922852,UIS_EST,
PTRHC.1.TRAINED,ECA: African Union Commission (UNSDCode:98106),2020,49.04217147827148,UIS_EST,
PTRHC.1.TRAINED,ECA: African Union Commission (UNSDCode:98106),2021,48.00778961181641,UIS_EST,
PTRHC.1.TRAINED,ECA: African Union Commission (UNSDCode:98106),2022,51.04183959960938,UIS_EST,
PTRHC.1.TRAINED,ECA: All countries (UNSDCode:98100),2019,47.49982070922852,UIS_EST,
PTRHC.1.TRAINED,ECA: All countries (UNSDCode:98100),2020,49.04217147827148,UIS_EST,
PTRHC.1.TRAINED,ECA: All countries (UNSDCode:98100),2021,48.00778961181641,UIS_EST,
PTRHC.1.TRAINED,ECA: All countries (UNSDCode:98100),2022,51.04183959960938,UIS_EST,
PTRHC.1.TRAINED,ECA: CEN-SAD (UNSDCode:98112),2019,39.83856964111328,UIS_EST,
PTRHC.1.TRAINED,ECA: CEN-SAD (UNSDCode:98112),2020,40.80976867675781,UIS_EST,
PTRHC.1.TRAINED,ECA: CEN-SAD (UNSDCode:98112),2021,40.57640838623047,UIS_EST,
PTRHC.1.TRAINED,ECA: CEN-SAD (UNSDCode:98112),2022,41.1498908996582,UIS_EST,
PTRHC.1.TRAINED,ECA: COMESA (UNSDCode:98113),2019,46.5613899230957,UIS_EST,
PTRHC.1.TRAINED,ECA: COMESA (UNSDCode:98113),2020,49.72098922729492,UIS_EST,
PTRHC.1.TRAINED,ECA: COMESA (UNSDCode:98113),2021,47.34019088745117,UIS_EST,
PTRHC.1.TRAINED,ECA: COMESA (UNSDCode:98113),2022,53.27481842041016,UIS_EST,
PTRHC.1.TRAINED,ECA: Central Africa (UNSDCode:98101),2019,63.66366958618164,UIS_EST,
PTRHC.1.TRAINED,ECA: Central Africa (UNSDCode:98101),2020,64.8682632446289,UIS_EST,
PTRHC.1.TRAINED,ECA: Central Africa (UNSDCode:98101),2021,66.04154205322266,,
PTRHC.1.TRAINED,ECA: Central Africa (UNSDCode:98101),2022,64.72544860839844,,
PTRHC.1.TRAINED,ECA: Central Africa (UNSDCode:98101),2023,70.16705322265625,,
PTRHC.1.TRAINED,ECA: EAC (UNSDCode:98114),2019,46.93009948730469,UIS_EST,
PTRHC.1.TRAINED,ECA: EAC (UNSDCode:98114),2020,50.32878875732422,UIS_EST,
PTRHC.1.TRAINED,ECA: EAC (UNSDCode:98114),2021,48.96445083618164,UIS_EST,
PTRHC.1.TRAINED,ECA: EAC (UNSDCode:98114),2022,61.15842819213867,UIS_EST,
PTRHC.1.TRAINED,ECA: EAC (UNSDCode:98114),2023,81.3978271484375,UIS_EST,
PTRHC.1.TRAINED,ECA: ECA: Oil LDCs (UNSDCode:98122),2019,38.87997055053711,UIS_EST,
PTRHC.1.TRAINED,ECA: ECA: Oil LDCs (UNSDCode:98122),2020,41.48358154296875,UIS_EST,
PTRHC.1.TRAINED,ECA: ECA: Oil LDCs (UNSDCode:98122),2021,39.59017944335938,,
PTRHC.1.TRAINED,ECA: ECA: Oil LDCs (UNSDCode:98122),2022,52.47024917602539,UIS_EST,
PTRHC.1.TRAINED,ECA: ECA: Oil LDCs (UNSDCode:98122),2023,75.28218841552734,,
PTRHC.1.TRAINED,ECA: ECCAS (UNSDCode:98107),2019,45.90129089355469,UIS_EST,
PTRHC.1.TRAINED,ECA: ECCAS (UNSDCode:98107),2020,49.71072006225586,UIS_EST,
PTRHC.1.TRAINED,ECA: ECCAS (UNSDCode:98107),2021,47.47706985473633,,
PTRHC.1.TRAINED,ECA: ECCAS (UNSDCode:98107),2022,64.62377166748047,UIS_EST,
PTRHC.1.TRAINED,ECA: ECCAS (UNSDCode:98107),2023,103.0871505737305,,
PTRHC.1.TRAINED,ECA: ECOWAS (UNSDCode:98108),2019,50.69858169555664,UIS_EST,
PTRHC.1.TRAINED,ECA: ECOWAS (UNSDCode:98108),2020,50.01591873168945,UIS_EST,
PTRHC.1.TRAINED,ECA: ECOWAS (UNSDCode:98108),2021,50.64276123046875,UIS_EST,
PTRHC.1.TRAINED,ECA: ECOWAS (UNSDCode:98108),2022,51.77854919433594,UIS_EST,
PTRHC.1.TRAINED,ECA: East Africa (UNSDCode:98102),2019,60.55546188354492,UIS_EST,
PTRHC.1.TRAINED,ECA: East Africa (UNSDCode:98102),2020,64.6300277709961,UIS_EST,
PTRHC.1.TRAINED,ECA: Island economies (UNSDCode:98115),2019,159.2323150634766,,
PTRHC.1.TRAINED,ECA: Island economies (UNSDCode:98115),2020,159.4156951904297,UIS_EST,
PTRHC.1.TRAINED,ECA: Least developed countries (UNSDCode:98118),2019,56.28598022460938,UIS_EST,
PTRHC.1.TRAINED,ECA: Least developed countries (UNSDCode:98118),2020,58.19768905639648,UIS_EST,
PTRHC.1.TRAINED,ECA: Least developed countries (UNSDCode:98118),2021,56.0118293762207,UIS_EST,
PTRHC.1.TRAINED,ECA: Least developed countries (UNSDCode:98118),2022,63.11577987670898,UIS_EST,
PTRHC.1.TRAINED,ECA: Least developed countries (UNSDCode:98118),2023,71.9377670288086,UIS_EST,
PTRHC.1.TRAINED,ECA: Mineral-rich countries (UNSDCode:98119),2019,43.73271179199219,UIS_EST,
PTRHC.1.TRAINED,ECA: Mineral-rich countries (UNSDCode:98119),2020,44.72883987426758,UIS_EST,
PTRHC.1.TRAINED,ECA: Mineral-rich countries (UNSDCode:98119),2021,44.2599983215332,UIS_EST,
PTRHC.1.TRAINED,ECA: Mineral-rich countries (UNSDCode:98119),2022,49.92419052124023,UIS_EST,
PTRHC.1.TRAINED,ECA: Mineral-rich countries (UNSDCode:98119),2023,57.18508148193359,UIS_EST,
PTRHC.1.TRAINED,ECA: Non-Oil LDCs (UNSDCode:98120),2019,69.2362289428711,UIS_EST,
PTRHC.1.TRAINED,ECA: Non-Oil LDCs (UNSDCode:98120),2020,70.089599609375,UIS_EST,
PTRHC.1.TRAINED,ECA: Non-Oil Producing (UNSDCode:98121),2019,59.4644889831543,UIS_EST,
PTRHC.1.TRAINED,ECA: Non-Oil Producing (UNSDCode:98121),2020,60.36579132080078,UIS_EST,
PTRHC.1.TRAINED,ECA: North Africa (UNSDCode:98103),2019,25.71607971191406,UIS_EST,
PTRHC.1.TRAINED,ECA: North Africa (UNSDCode:98103),2020,27.38445091247559,UIS_EST,
PTRHC.1.TRAINED,ECA: North Africa (UNSDCode:98103),2021,26.7407398223877,,
PTRHC.1.TRAINED,ECA: North Africa (UNSDCode:98103),2022,26.74341011047363,UIS_EST,
PTRHC.1.TRAINED,ECA: North Africa (UNSDCode:98103),2023,27.15420913696289,UIS_EST,
PTRHC.1.TRAINED,ECA: Oil producing economies (UNSDCode:98123),2019,38.86003112792969,UIS_EST,
PTRHC.1.TRAINED,ECA: Oil producing economies (UNSDCode:98123),2020,40.71305847167969,UIS_EST,
PTRHC.1.TRAINED,ECA: Oil producing economies (UNSDCode:98123),2021,39.94438934326172,UIS_EST,
PTRHC.1.TRAINED,ECA: Oil producing economies (UNSDCode:98123),2022,44.20349884033203,UIS_EST,
PTRHC.1.TRAINED,ECA: Oil producing economies (UNSDCode:98123),2023,49.99008178710938,UIS_EST,
PTRHC.1.TRAINED,ECA: SADC (UNSDCode:98110),2019,49.50545883178711,UIS_EST,
PTRHC.1.TRAINED,ECA: SADC (UNSDCode:98110),2020,52.21837997436523,UIS_EST,
PTRHC.1.TRAINED,ECA: SADC (UNSDCode:98110),2021,50.72187042236328,UIS_EST,
PTRHC.1.TRAINED,ECA: SADC (UNSDCode:98110),2022,60.83750152587891,UIS_EST,
PTRHC.1.TRAINED,ECA: SADC (UNSDCode:98110),2023,76.28706359863281,UIS_EST,
PTRHC.1.TRAINED,ECA: Sahel (UNSDCode:98124),2019,53.23115921020508,UIS_EST,
PTRHC.1.TRAINED,ECA: Sahel (UNSDCode:98124),2020,53.97732162475586,UIS_EST,
PTRHC.1.TRAINED,ECA: Sahel (UNSDCode:98124),2021,53.93510055541992,UIS_EST,
PTRHC.1.TRAINED,ECA: Small Island states (UNSDCode:98125),2019,27.10861968994141,UIS_EST,
PTRHC.1.TRAINED,ECA: Small Island states (UNSDCode:98125),2020,26.31813049316406,UIS_EST,
PTRHC.1.TRAINED,ECA: Small Island states (UNSDCode:98125),2021,27.29903030395508,UIS_EST,
PTRHC.1.TRAINED,ECA: Small Island states (UNSDCode:98125),2022,28.27037048339844,UIS_EST,
PTRHC.1.TRAINED,ECA: Southern Africa (UNSDCode:98104),2019,52.36169052124023,UIS_EST,
PTRHC.1.TRAINED,ECA: Southern Africa (UNSDCode:98104),2020,52.33123016357422,UIS_EST,
PTRHC.1.TRAINED,ECA: Southern Africa (UNSDCode:98104),2021,52.10076904296875,UIS_EST,
PTRHC.1.TRAINED,ECA: Southern Africa (UNSDCode:98104),2022,52.25614166259766,UIS_EST,
PTRHC.1.TRAINED,ECA: Sub-Saharan Africa (UNSDCode:98126),2019,53.25674819946289,UIS_EST,
PTRHC.1.TRAINED,ECA: Sub-Saharan Africa (UNSDCode:98126),2020,54.419921875,UIS_EST,
PTRHC.1.TRAINED,ECA: Sub-Saharan Africa (UNSDCode:98126),2021,53.52273941040039,UIS_EST,
PTRHC.1.TRAINED,ECA: Sub-Saharan Africa (UNSDCode:98126),2022,57.72557067871094,UIS_EST,
PTRHC.1.TRAINED,ECA: West Africa (UNSDCode:98105),2019,50.69858169555664,UIS_EST,
PTRHC.1.TRAINED,ECA: West Africa (UNSDCode:98105),2020,50.01591873168945,UIS_EST,
PTRHC.1.TRAINED,ECA: West Africa (UNSDCode:98105),2021,50.64276123046875,UIS_EST,
PTRHC.1.TRAINED,ECA: West Africa (UNSDCode:98105),2022,51.77854919433594,UIS_EST,
PTRHC.1.TRAINED,ECE: All countries (UNSDCode:98200),2019,15.21648025512695,UIS_EST,
PTRHC.1.TRAINED,ECE: All countries (UNSDCode:98200),2020,15.51747989654541,UIS_EST,
PTRHC.1.TRAINED,ECE: All countries (UNSDCode:98200),2021,15.17183017730713,UIS_EST,
PTRHC.1.TRAINED,ECE: All countries (UNSDCode:98200),2022,15.13646030426025,UIS_EST,
PTRHC.1.TRAINED,ECE: All countries (UNSDCode:98200),2023,15.16757011413574,UIS_EST,
PTRHC.1.TRAINED,ECE: CIS (CWG) (UNSDCode:98201),2019,21.01118087768555,UIS_EST,
PTRHC.1.TRAINED,ECE: CIS (CWG) (UNSDCode:98201),2020,21.25455093383789,UIS_EST,
PTRHC.1.TRAINED,ECE: CIS (CWG) (UNSDCode:98201),2021,21.37957954406738,UIS_EST,
PTRHC.1.TRAINED,ECE: CIS (CWG) (UNSDCode:98201),2022,21.75301933288574,UIS_EST,
PTRHC.1.TRAINED,ECE: CIS (CWG) (UNSDCode:98201),2023,21.74064064025879,,
PTRHC.1.TRAINED,"ECE: Eastern Europe, Caucasus and Central Asia (CIS) (UNSDCode:98202)",2019,20.57419967651367,UIS_EST,
PTRHC.1.TRAINED,"ECE: Eastern Europe, Caucasus and Central Asia (CIS) (UNSDCode:98202)",2020,20.82468032836914,UIS_EST,
PTRHC.1.TRAINED,"ECE: Eastern Europe, Caucasus and Central Asia (CIS) (UNSDCode:98202)",2021,20.96154022216797,UIS_EST,
PTRHC.1.TRAINED,"ECE: Eastern Europe, Caucasus and Central Asia (CIS) (UNSDCode:98202)",2022,21.32860946655273,UIS_EST,
PTRHC.1.TRAINED,"ECE: Eastern Europe, Caucasus and Central Asia (CIS) (UNSDCode:98202)",2023,21.31245994567871,UIS_EST,
PTRHC.1.TRAINED,ECE: Eurasian Economic Union (EAEU) (UNSDCode:98206),2019,21.70355033874512,UIS_EST,
PTRHC.1.TRAINED,ECE: Eurasian Economic Union (EAEU) (UNSDCode:98206),2020,22.24333000183105,UIS_EST,
PTRHC.1.TRAINED,ECE: Eurasian Economic Union (EAEU) (UNSDCode:98206),2021,22.69364929199219,UIS_EST,
PTRHC.1.TRAINED,ECE: Eurasian Economic Union (EAEU) (UNSDCode:98206),2022,23.09296989440918,UIS_EST,
PTRHC.1.TRAINED,ECE: Eurasian Economic Union (EAEU) (UNSDCode:98206),2023,22.90360069274902,,
PTRHC.1.TRAINED,ECLAC: All countries (UNSDCode:98300),2019,24.2609691619873,UIS_EST,
PTRHC.1.TRAINED,ECLAC: All countries (UNSDCode:98300),2020,23.9325008392334,,
PTRHC.1.TRAINED,ECLAC: All countries (UNSDCode:98300),2021,23.6290397644043,,
PTRHC.1.TRAINED,ECLAC: All countries (UNSDCode:98300),2022,23.80911064147949,UIS_EST,
PTRHC.1.TRAINED,ECLAC: All countries (UNSDCode:98300),2023,24.01028060913086,UIS_EST,
PTRHC.1.TRAINED,ECLAC: Carribean (UNSDCode:98301),2019,17.90143966674805,UIS_EST,
PTRHC.1.TRAINED,ECLAC: Carribean (UNSDCode:98301),2020,17.29896926879883,UIS_EST,
PTRHC.1.TRAINED,ECLAC: Carribean (UNSDCode:98301),2021,17.12410926818848,UIS_EST,
PTRHC.1.TRAINED,ECLAC: Carribean (UNSDCode:98301),2022,16.43261909484863,UIS_EST,
PTRHC.1.TRAINED,ECLAC: Carribean (UNSDCode:98301),2023,15.21673011779785,UIS_EST,
PTRHC.1.TRAINED,ECLAC: Latin America (UNSDCode:98302),2019,24.39026069641113,,
PTRHC.1.TRAINED,ECLAC: Latin America (UNSDCode:98302),2020,24.06718063354492,,
PTRHC.1.TRAINED,ECLAC: Latin America (UNSDCode:98302),2021,23.75720024108887,,
PTRHC.1.TRAINED,ECLAC: Latin America (UNSDCode:98302),2022,23.95751953125,UIS_EST,
PTRHC.1.TRAINED,ECLAC: Latin America (UNSDCode:98302),2023,24.19728088378906,UIS_EST,
PTRHC.1.TRAINED,ECU,2020,27.82410049438477,,
PTRHC.1.TRAINED,ECU,2021,27.35482025146484,,
PTRHC.1.TRAINED,ECU,2022,26.49752998352051,,
PTRHC.1.TRAINED,ECU,2023,24.69391059875488,,
PTRHC.1.TRAINED,EGY,2019,29.53265953063965,,
PTRHC.1.TRAINED,EGY,2020,33.58266830444336,,
PTRHC.1.TRAINED,EGY,2021,31.83587074279785,,
PTRHC.1.TRAINED,EGY,2023,35.53702926635742,,
PTRHC.1.TRAINED,ERI,2022,43.02745056152344,,
PTRHC.1.TRAINED,ESCAP: ASEAN (ASEAN) (UNSDCode:98406),2019,19.03075981140137,UIS_EST,
PTRHC.1.TRAINED,ESCAP: ASEAN (ASEAN) (UNSDCode:98406),2020,19.05508041381836,UIS_EST,
PTRHC.1.TRAINED,ESCAP: ASEAN (ASEAN) (UNSDCode:98406),2021,19.90855979919434,UIS_EST,
PTRHC.1.TRAINED,ESCAP: Africa (AFR) (UNSDCode:98405),2019,47.49982070922852,UIS_EST,
PTRHC.1.TRAINED,ESCAP: Africa (AFR) (UNSDCode:98405),2020,49.04217147827148,UIS_EST,
PTRHC.1.TRAINED,ESCAP: Africa (AFR) (UNSDCode:98405),2021,48.00778961181641,UIS_EST,
PTRHC.1.TRAINED,ESCAP: Africa (AFR) (UNSDCode:98405),2022,51.04183959960938,UIS_EST,
PTRHC.1.TRAINED,ESCAP: All countries (UNSDCode:98400),2019,24.23440933227539,UIS_EST,
PTRHC.1.TRAINED,ESCAP: All countries (UNSDCode:98400),2020,23.68918991088867,UIS_EST,
PTRHC.1.TRAINED,ESCAP: All countries (UNSDCode:98400),2021,23.25019073486328,UIS_EST,
PTRHC.1.TRAINED,ESCAP: Countries with Special Needs (CSN) (UNSDCode:98434),2019,35.52434921264648,UIS_EST,
PTRHC.1.TRAINED,ESCAP: Countries with Special Needs (CSN) (UNSDCode:98434),2020,35.24932861328125,UIS_EST,
PTRHC.1.TRAINED,ESCAP: Countries with Special Needs (CSN) (UNSDCode:98434),2021,35.12689971923828,UIS_EST,
PTRHC.1.TRAINED,ESCAP: ECO (ECO) (UNSDCode:98407),2019,37.32352828979492,UIS_EST,
PTRHC.1.TRAINED,ESCAP: ECO (ECO) (UNSDCode:98407),2020,38.0919303894043,UIS_EST,
PTRHC.1.TRAINED,ESCAP: LDC (LDC_E) (UNSDCode:98411),2019,40.58227920532227,UIS_EST,
PTRHC.1.TRAINED,ESCAP: LLDC (LLDC_E) (UNSDCode:98412),2019,27.37085914611816,,
PTRHC.1.TRAINED,ESCAP: LLDC (LLDC_E) (UNSDCode:98412),2020,26.70568084716797,UIS_EST,
PTRHC.1.TRAINED,ESCAP: LLDC (LLDC_E) (UNSDCode:98412),2021,26.81925010681152,UIS_EST,
PTRHC.1.TRAINED,ESCAP: Latin America (LAC) (UNSDCode:98424),2019,24.2609691619873,UIS_EST,
PTRHC.1.TRAINED,ESCAP: Latin America (LAC) (UNSDCode:98424),2020,23.9325008392334,,
PTRHC.1.TRAINED,ESCAP: Latin America (LAC) (UNSDCode:98424),2021,23.6290397644043,,
PTRHC.1.TRAINED,ESCAP: Latin America (LAC) (UNSDCode:98424),2022,23.80911064147949,UIS_EST,
PTRHC.1.TRAINED,ESCAP: Latin America (LAC) (UNSDCode:98424),2023,24.01028060913086,UIS_EST,
PTRHC.1.TRAINED,ESCAP: North America (NAM) (UNSDCode:98425),2019,14.08378028869629,,
PTRHC.1.TRAINED,ESCAP: North America (NAM) (UNSDCode:98425),2020,13.9909496307373,,
PTRHC.1.TRAINED,ESCAP: North America (NAM) (UNSDCode:98425),2021,13.22552013397217,,
PTRHC.1.TRAINED,ESCAP: North America (NAM) (UNSDCode:98425),2022,12.94458961486816,,
PTRHC.1.TRAINED,ESCAP: North America (NAM) (UNSDCode:98425),2023,13.14089012145996,UIS_EST,
PTRHC.1.TRAINED,ESCAP: North and Central Asia (NCA) (UNSDCode:98417),2019,21.02561950683594,UIS_EST,
PTRHC.1.TRAINED,ESCAP: North and Central Asia (NCA) (UNSDCode:98417),2020,21.42605018615723,UIS_EST,
PTRHC.1.TRAINED,ESCAP: North and Central Asia (NCA) (UNSDCode:98417),2021,21.71401977539063,UIS_EST,
PTRHC.1.TRAINED,ESCAP: North and Central Asia (NCA) (UNSDCode:98417),2022,22.08617973327637,UIS_EST,
PTRHC.1.TRAINED,ESCAP: North and Central Asia (NCA) (UNSDCode:98417),2023,22.13319969177246,UIS_EST,
PTRHC.1.TRAINED,ESCAP: Other Area (OTH_REGION) (UNSDCode:98426),2019,22.39755058288574,UIS_EST,
PTRHC.1.TRAINED,ESCAP: Other Area (OTH_REGION) (UNSDCode:98426),2020,22.40319061279297,UIS_EST,
PTRHC.1.TRAINED,ESCAP: Other Area (OTH_REGION) (UNSDCode:98426),2021,22.77672004699707,UIS_EST,
PTRHC.1.TRAINED,ESCAP: Other Area (OTH_REGION) (UNSDCode:98426),2022,23.57939910888672,UIS_EST,
PTRHC.1.TRAINED,ESCAP: Other Area (OTH_REGION) (UNSDCode:98426),2023,23.62891960144043,UIS_EST,
PTRHC.1.TRAINED,ESCAP: SAARC (SAARC) (UNSDCode:98428),2019,41.09843063354492,,
PTRHC.1.TRAINED,ESCAP: SAARC (SAARC) (UNSDCode:98428),2020,37.87810897827148,,
PTRHC.1.TRAINED,ESCAP: SAARC (SAARC) (UNSDCode:98428),2021,33.68186187744141,,
PTRHC.1.TRAINED,ESCAP: SAARC (SAARC) (UNSDCode:98428),2022,35.68429946899414,,
PTRHC.1.TRAINED,ESCAP: SAARC (SAARC) (UNSDCode:98428),2023,32.82049179077148,,
PTRHC.1.TRAINED,ESCAP: Small Islands Developing States (SIDS) (UNSDCode:98435),2019,33.041259765625,UIS_EST,
PTRHC.1.TRAINED,ESCAP: Small Islands Developing States (SIDS) (UNSDCode:98435),2020,33.3772087097168,UIS_EST,
PTRHC.1.TRAINED,ESCAP: South and South-West Asia (SSWA) (UNSDCode:98420),2019,39.29896926879883,,
PTRHC.1.TRAINED,ESCAP: South and South-West Asia (SSWA) (UNSDCode:98420),2020,36.73104095458984,,
PTRHC.1.TRAINED,ESCAP: South and South-West Asia (SSWA) (UNSDCode:98420),2021,33.06074905395508,,
PTRHC.1.TRAINED,ESCAP: South and South-West Asia (SSWA) (UNSDCode:98420),2022,34.88742828369141,,
PTRHC.1.TRAINED,ESCAP: South and South-West Asia (SSWA) (UNSDCode:98420),2023,32.33462142944336,,
PTRHC.1.TRAINED,ESCAP: South-East Asia (SEA) (UNSDCode:98419),2019,19.03075981140137,UIS_EST,
PTRHC.1.TRAINED,ESCAP: South-East Asia (SEA) (UNSDCode:98419),2020,19.05508041381836,UIS_EST,
PTRHC.1.TRAINED,ESCAP: South-East Asia (SEA) (UNSDCode:98419),2021,19.90855979919434,UIS_EST,
PTRHC.1.TRAINED,ESCAP: WB Low Income Economies (WB_LOW) (UNSDCode:98439),2019,53.26092147827148,UIS_EST,
PTRHC.1.TRAINED,ESCAP: WB Low Income Economies (WB_LOW) (UNSDCode:98439),2020,55.2694206237793,UIS_EST,
PTRHC.1.TRAINED,ESCAP: WB Low Income Economies (WB_LOW) (UNSDCode:98439),2021,53.21430969238281,UIS_EST,
PTRHC.1.TRAINED,ESCAP: WB Low Income Economies (WB_LOW) (UNSDCode:98439),2022,60.53823089599609,UIS_EST,
PTRHC.1.TRAINED,ESCAP: WB Low Income Economies (WB_LOW) (UNSDCode:98439),2023,68.43244171142578,UIS_EST,
PTRHC.1.TRAINED,ESCAP: WB Lower Middle Income Economies (WB_LOWER_MID) (UNSDCode:98438),2019,37.68331146240234,,
PTRHC.1.TRAINED,ESCAP: WB Lower Middle Income Economies (WB_LOWER_MID) (UNSDCode:98438),2020,36.58955001831055,,
PTRHC.1.TRAINED,ESCAP: WB Lower Middle Income Economies (WB_LOWER_MID) (UNSDCode:98438),2021,34.74916839599609,,
PTRHC.1.TRAINED,ESCAP: WB Lower Middle Income Economies (WB_LOWER_MID) (UNSDCode:98438),2022,35.98812103271484,UIS_EST,
PTRHC.1.TRAINED,ESCAP: WB Lower Middle Income Economies (WB_LOWER_MID) (UNSDCode:98438),2023,34.59564971923828,UIS_EST,
PTRHC.1.TRAINED,ESCWA: All countries (UNSDCode:98500),2019,24.66115951538086,UIS_EST,
PTRHC.1.TRAINED,ESCWA: All countries (UNSDCode:98500),2020,25.58099937438965,UIS_EST,
PTRHC.1.TRAINED,ESCWA: All countries (UNSDCode:98500),2021,25.50543975830078,UIS_EST,
PTRHC.1.TRAINED,ESCWA: All countries (UNSDCode:98500),2022,25.82448959350586,UIS_EST,
PTRHC.1.TRAINED,ESCWA: All countries (UNSDCode:98500),2023,25.9482593536377,UIS_EST,
PTRHC.1.TRAINED,ESCWA: Arab Middle-Income Countries (MICs) (UNSDCode:98508),2019,27.07512092590332,UIS_EST,
PTRHC.1.TRAINED,ESCWA: Arab Middle-Income Countries (MICs) (UNSDCode:98508),2020,28.85586929321289,UIS_EST,
PTRHC.1.TRAINED,ESCWA: Arab Middle-Income Countries (MICs) (UNSDCode:98508),2021,28.42087936401367,,
PTRHC.1.TRAINED,ESCWA: Arab Middle-Income Countries (MICs) (UNSDCode:98508),2022,28.42136001586914,UIS_EST,
PTRHC.1.TRAINED,ESCWA: Arab Middle-Income Countries (MICs) (UNSDCode:98508),2023,28.71706962585449,UIS_EST,
PTRHC.1.TRAINED,ESCWA: Arab countries (UNSDCode:98501),2019,24.84423065185547,UIS_EST,
PTRHC.1.TRAINED,ESCWA: Arab countries (UNSDCode:98501),2020,25.74621963500977,UIS_EST,
PTRHC.1.TRAINED,ESCWA: Arab countries (UNSDCode:98501),2021,25.61597061157227,UIS_EST,
PTRHC.1.TRAINED,ESCWA: Arab countries (UNSDCode:98501),2022,26.0006103515625,UIS_EST,
PTRHC.1.TRAINED,ESCWA: Arab countries (UNSDCode:98501),2023,26.17572021484375,UIS_EST,
PTRHC.1.TRAINED,ESCWA: Arab non-conflict and non-LDC middle income countries (UNSDCode:98507),2019,26.25300025939941,,
PTRHC.1.TRAINED,ESCWA: Arab non-conflict and non-LDC middle income countries (UNSDCode:98507),2020,28.43276023864746,,
PTRHC.1.TRAINED,ESCWA: Arab non-conflict and non-LDC middle income countries (UNSDCode:98507),2021,27.61060905456543,,
PTRHC.1.TRAINED,ESCWA: Arab non-conflict and non-LDC middle income countries (UNSDCode:98507),2022,27.40279960632324,UIS_EST,
PTRHC.1.TRAINED,ESCWA: Arab non-conflict and non-LDC middle income countries (UNSDCode:98507),2023,27.6436595916748,UIS_EST,
PTRHC.1.TRAINED,ESCWA: Gulf Cooperation Council (GCC) (UNSDCode:98502),2019,13.29911994934082,,
PTRHC.1.TRAINED,ESCWA: Gulf Cooperation Council (GCC) (UNSDCode:98502),2020,12.84226989746094,,
PTRHC.1.TRAINED,ESCWA: Gulf Cooperation Council (GCC) (UNSDCode:98502),2021,13.13306045532227,,
PTRHC.1.TRAINED,ESCWA: Gulf Cooperation Council (GCC) (UNSDCode:98502),2022,13.68064975738525,,
PTRHC.1.TRAINED,ESCWA: Gulf Cooperation Council (GCC) (UNSDCode:98502),2023,15.18251037597656,UIS_EST,
PTRHC.1.TRAINED,ESCWA: Maghreb subregion (UNSDCode:98504),2019,23.3598804473877,UIS_EST,
PTRHC.1.TRAINED,ESCWA: Maghreb subregion (UNSDCode:98504),2020,24.09148025512695,UIS_EST,
PTRHC.1.TRAINED,ESCWA: Maghreb subregion (UNSDCode:98504),2021,23.54438018798828,,
PTRHC.1.TRAINED,ESCWA: Maghreb subregion (UNSDCode:98504),2022,23.89125061035156,,
PTRHC.1.TRAINED,ESCWA: Maghreb subregion (UNSDCode:98504),2023,24.02872085571289,,
PTRHC.1.TRAINED,ESCWA: Mashreq subregion (UNSDCode:98503),2019,29.4267406463623,UIS_EST,
PTRHC.1.TRAINED,ESCWA: Mashreq subregion (UNSDCode:98503),2020,31.87836074829102,UIS_EST,
PTRHC.1.TRAINED,ESCWA: Mashreq subregion (UNSDCode:98503),2021,31.24724960327148,UIS_EST,
PTRHC.1.TRAINED,ESCWA: Mashreq subregion (UNSDCode:98503),2022,31.76143074035645,UIS_EST,
PTRHC.1.TRAINED,ESP,2019,12.88941955566406,,
PTRHC.1.TRAINED,ESP,2020,12.80202960968018,,
PTRHC.1.TRAINED,ESP,2021,11.80208015441895,,
PTRHC.1.TRAINED,ESP,2022,11.75327014923096,,
PTRHC.1.TRAINED,ESP,2023,11.76556968688965,,
PTRHC.1.TRAINED,FJI,2019,21.22945022583008,,
PTRHC.1.TRAINED,FJI,2020,22.41160011291504,,
PTRHC.1.TRAINED,FJI,2021,20.2125743415463,,
PTRHC.1.TRAINED,FJI,2022,19.8009933207741,,
PTRHC.1.TRAINED,FJI,2023,18.14375490966221,,
PTRHC.1.TRAINED,FSM,2019,63.38990825688074,,
PTRHC.1.TRAINED,FSM,2020,58.73853211009175,,
PTRHC.1.TRAINED,FSM,2021,53.68067226890756,,
PTRHC.1.TRAINED,FSM,2023,56.58851674641149,,
PTRHC.1.TRAINED,GAB,2019,51.50439266615737,,
PTRHC.1.TRAINED,GHA,2019,43.86690139770508,,
PTRHC.1.TRAINED,GHA,2020,36.66595077514648,,
PTRHC.1.TRAINED,GHA,2021,41.76834869384766,,
PTRHC.1.TRAINED,GIB,2020,12.6315803527832,,
PTRHC.1.TRAINED,GIN,2019,63.24994435789005,,
PTRHC.1.TRAINED,GIN,2020,62.57157897949219,,
PTRHC.1.TRAINED,GIN,2021,65.42845415508967,,
PTRHC.1.TRAINED,GMB,2019,42.22675532514369,,
PTRHC.1.TRAINED,GMB,2020,41.58453237410072,,
PTRHC.1.TRAINED,GMB,2021,37.81166384021104,,
PTRHC.1.TRAINED,GPE: (February 2016),2019,48.52693176269531,UIS_EST,
PTRHC.1.TRAINED,GPE: (February 2016),2020,49.50957107543945,UIS_EST,
PTRHC.1.TRAINED,GPE: (February 2016),2021,50.09901809692383,UIS_EST,
PTRHC.1.TRAINED,"GPE: Africa 1 & 3 GPE Secretariat, December 2023",2019,56.04682922363281,UIS_EST,
PTRHC.1.TRAINED,"GPE: Africa 2 GPE Secretariat, December 2023",2019,47.51702117919922,UIS_EST,
PTRHC.1.TRAINED,"GPE: Africa 2 GPE Secretariat, December 2023",2020,49.59119033813477,UIS_EST,
PTRHC.1.TRAINED,"GPE: Africa 2 GPE Secretariat, December 2023",2021,48.01494979858398,,
PTRHC.1.TRAINED,"GPE: Africa 2 GPE Secretariat, December 2023",2022,59.1775016784668,UIS_EST,
PTRHC.1.TRAINED,"GPE: Africa 2 GPE Secretariat, December 2023",2023,76.61282348632812,,
PTRHC.1.TRAINED,"GPE: East Asia & Pacific WB FY23, December 2023",2019,20.7833194732666,UIS_EST,
PTRHC.1.TRAINED,"GPE: East Asia & Pacific WB FY23, December 2023",2020,21.04953956604004,UIS_EST,
PTRHC.1.TRAINED,"GPE: East Asia & Pacific WB FY23, December 2023",2021,22.28791999816895,UIS_EST,
PTRHC.1.TRAINED,"GPE: Europe & Central Asia WB FY23, December 2023",2019,19.85914993286133,,
PTRHC.1.TRAINED,"GPE: Europe & Central Asia WB FY23, December 2023",2020,19.66046905517578,,
PTRHC.1.TRAINED,"GPE: Europe & Central Asia WB FY23, December 2023",2021,19.42050933837891,,
PTRHC.1.TRAINED,"GPE: Europe & Central Asia WB FY23, December 2023",2022,19.74077033996582,UIS_EST,
PTRHC.1.TRAINED,"GPE: Europe & Central Asia WB FY23, December 2023",2023,19.94219970703125,UIS_EST,
PTRHC.1.TRAINED,"GPE: Fragile or Conflict-affected countries (FCAC) FY 20, June 2020",2019,46.8878288269043,UIS_EST,
PTRHC.1.TRAINED,"GPE: Fragile or Conflict-affected countries (FCAC) FY 20, June 2020",2020,48.30992126464844,UIS_EST,
PTRHC.1.TRAINED,"GPE: Fragile or Conflict-affected countries (FCAC) FY23, December 2023",2019,44.54632186889648,UIS_EST,
PTRHC.1.TRAINED,"GPE: Fragile or Conflict-affected countries (FCAC) FY23, December 2023",2020,46.23717880249023,UIS_EST,
PTRHC.1.TRAINED,"GPE: Fragile or Conflict-affected countries (FCAC) FY23, December 2023",2021,45.03134155273438,UIS_EST,
PTRHC.1.TRAINED,GPE: Fragile or conflict-affected (FY16),2019,51.91942977905273,UIS_EST,
PTRHC.1.TRAINED,GPE: Fragile or conflict-affected (FY16),2020,53.72869110107422,UIS_EST,
PTRHC.1.TRAINED,"GPE: Low income WB FY23, December 2023",2019,55.40568923950195,UIS_EST,
PTRHC.1.TRAINED,"GPE: Low income WB FY23, December 2023",2020,57.60832977294922,UIS_EST,
PTRHC.1.TRAINED,"GPE: Low income WB FY23, December 2023",2021,55.07738876342773,UIS_EST,
PTRHC.1.TRAINED,"GPE: Low income WB FY23, December 2023",2022,62.93220138549805,UIS_EST,
PTRHC.1.TRAINED,"GPE: Low income WB FY23, December 2023",2023,72.96569061279297,UIS_EST,
PTRHC.1.TRAINED,"GPE: Lower middle Income WB FY23, December 2023",2019,39.56805038452148,UIS_EST,
PTRHC.1.TRAINED,"GPE: Lower middle Income WB FY23, December 2023",2020,40.09212112426758,UIS_EST,
PTRHC.1.TRAINED,"GPE: Lower middle Income WB FY23, December 2023",2021,41.04384994506836,UIS_EST,
PTRHC.1.TRAINED,"GPE: Middle East & North Africa WB FY23, December 2023",2019,28.44828987121582,,
PTRHC.1.TRAINED,"GPE: Middle East & North Africa WB FY23, December 2023",2020,31.01255035400391,,
PTRHC.1.TRAINED,"GPE: Middle East & North Africa WB FY23, December 2023",2021,29.91316032409668,,
PTRHC.1.TRAINED,"GPE: Middle East & North Africa WB FY23, December 2023",2022,29.49167060852051,UIS_EST,
PTRHC.1.TRAINED,"GPE: Non Fragile & non Conflict-affected countries (NON-FCAC) FY20, June 2020",2019,48.4652214050293,UIS_EST,
PTRHC.1.TRAINED,"GPE: Non Fragile & non Conflict-affected countries (NON-FCAC) FY20, June 2020",2020,48.75584030151367,UIS_EST,
PTRHC.1.TRAINED,"GPE: Non Fragile & non Conflict-affected countries (NON-FCAC) FY20, June 2020",2021,50.84606170654297,UIS_EST,
PTRHC.1.TRAINED,"GPE: Non Fragile & non Conflict-affected countries (NON-FCAC) FY20, June 2020",2022,51.26794052124023,UIS_EST,
PTRHC.1.TRAINED,"GPE: Non Fragile & non Conflict-affected countries (NON-FCAC) FY23, December 2023",2019,30.40106010437012,UIS_EST,
PTRHC.1.TRAINED,"GPE: Non Fragile & non Conflict-affected countries (NON-FCAC) FY23, December 2023",2020,30.53606033325195,UIS_EST,
PTRHC.1.TRAINED,"GPE: Non Fragile & non Conflict-affected countries (NON-FCAC) FY23, December 2023",2021,31.94524002075195,UIS_EST,
PTRHC.1.TRAINED,GPE: Non-fragile and non-conflict-affected (FY16),2019,43.93428039550781,UIS_EST,
PTRHC.1.TRAINED,GPE: Non-fragile and non-conflict-affected (FY16),2020,43.93806076049805,UIS_EST,
PTRHC.1.TRAINED,GPE: Non-fragile and non-conflict-affected (FY16),2021,46.49285888671875,UIS_EST,
PTRHC.1.TRAINED,GPE: Non-fragile and non-conflict-affected (FY16),2022,46.87704849243164,UIS_EST,
PTRHC.1.TRAINED,"GPE: Overall FY20, all 68 countries, June 2020",2019,47.56074142456055,UIS_EST,
PTRHC.1.TRAINED,"GPE: Overall FY20, all 68 countries, June 2020",2020,48.5018310546875,UIS_EST,
PTRHC.1.TRAINED,"GPE: Overall FY20, all 68 countries, June 2020",2021,49.06766891479492,UIS_EST,
PTRHC.1.TRAINED,"GPE: Overall FY23, all 88 countries, December 2023",2019,38.64065933227539,UIS_EST,
PTRHC.1.TRAINED,"GPE: Overall FY23, all 88 countries, December 2023",2020,39.2778205871582,UIS_EST,
PTRHC.1.TRAINED,"GPE: Overall FY23, all 88 countries, December 2023",2021,39.80672073364258,UIS_EST,
PTRHC.1.TRAINED,"GPE: Rest of the World GPE Secretariat, December 2023",2019,28.51333045959473,UIS_EST,
PTRHC.1.TRAINED,"GPE: Rest of the World GPE Secretariat, December 2023",2020,28.99607086181641,UIS_EST,
PTRHC.1.TRAINED,"GPE: Rest of the World GPE Secretariat, December 2023",2021,29.77432060241699,UIS_EST,
PTRHC.1.TRAINED,"GPE: Small island and landlocked developing states, December 2023",2019,25.7862606048584,,
PTRHC.1.TRAINED,"GPE: Small island and landlocked developing states, December 2023",2020,25.98600006103516,,
PTRHC.1.TRAINED,"GPE: Small island and landlocked developing states, December 2023",2021,25.93791007995605,UIS_EST,
PTRHC.1.TRAINED,"GPE: South Asia WB FY23, December 2023",2019,50.94443893432617,UIS_EST,
PTRHC.1.TRAINED,"GPE: South Asia WB FY23, December 2023",2020,50.9509391784668,UIS_EST,
PTRHC.1.TRAINED,"GPE: Sub-Saharan Africa WB FY23, December 2023",2019,53.82183074951172,UIS_EST,
PTRHC.1.TRAINED,"GPE: Sub-Saharan Africa WB FY23, December 2023",2020,55.02758026123047,UIS_EST,
PTRHC.1.TRAINED,"GPE: Sub-Saharan Africa WB FY23, December 2023",2021,54.0741081237793,UIS_EST,
PTRHC.1.TRAINED,"GPE: Sub-Saharan Africa WB FY23, December 2023",2022,58.64178848266602,UIS_EST,
PTRHC.1.TRAINED,GRD,2021,24.31481481481481,,
PTRHC.1.TRAINED,GRD,2022,21.09535026550293,,
PTRHC.1.TRAINED,GRD,2023,21.04203987121582,,
PTRHC.1.TRAINED,GUY,2019,26.77471264367816,,
PTRHC.1.TRAINED,GUY,2020,26.0885795634293,,
PTRHC.1.TRAINED,GUY,2023,25.6392993927002,,
PTRHC.1.TRAINED,HKG,2019,13.74598026275635,,
PTRHC.1.TRAINED,HKG,2020,13.44939994812012,,
PTRHC.1.TRAINED,HKG,2021,13.00518989562988,,
PTRHC.1.TRAINED,HKG,2022,12.64463996887207,,
PTRHC.1.TRAINED,HKG,2023,12.48701953887939,,
PTRHC.1.TRAINED,IDN,2023,56.05390271227339,,
PTRHC.1.TRAINED,IND,2019,37.8267224822714,,
PTRHC.1.TRAINED,IND,2020,34.02681209362536,,
PTRHC.1.TRAINED,IND,2021,29.33064682442966,,
PTRHC.1.TRAINED,IND,2022,31.8116055080534,,
PTRHC.1.TRAINED,IND,2023,29.63732459143095,,
PTRHC.1.TRAINED,JAM,2019,20.50708961486816,,
PTRHC.1.TRAINED,JAM,2020,19.48937034606934,,
PTRHC.1.TRAINED,JAM,2021,20.83591079711914,,
PTRHC.1.TRAINED,JAM,2022,19.35124015808105,,
PTRHC.1.TRAINED,JAM,2023,16.41593933105469,,
PTRHC.1.TRAINED,JOR,2019,16.37527084350586,,
PTRHC.1.TRAINED,JOR,2020,17.21837997436523,,
PTRHC.1.TRAINED,JOR,2021,18.25090980529785,,
PTRHC.1.TRAINED,JOR,2022,19.09133911132813,,
PTRHC.1.TRAINED,JOR,2023,17.53516960144043,,
PTRHC.1.TRAINED,KAZ,2019,17.21456841311723,,
PTRHC.1.TRAINED,KAZ,2020,16.80319166657412,,
PTRHC.1.TRAINED,KAZ,2021,16.0774816360513,,
PTRHC.1.TRAINED,KAZ,2022,14.73989598108747,,
PTRHC.1.TRAINED,KAZ,2023,13.97149782904025,,
PTRHC.1.TRAINED,KGZ,2019,26.59766454352442,,
PTRHC.1.TRAINED,KGZ,2020,26.79063269558629,,
PTRHC.1.TRAINED,KGZ,2021,25.92349505840072,,
PTRHC.1.TRAINED,KGZ,2022,26.07429182255478,,
PTRHC.1.TRAINED,KGZ,2023,24.96166646123505,,
PTRHC.1.TRAINED,KHM,2019,41.93925857543945,,
PTRHC.1.TRAINED,KHM,2020,42.05889129638672,,
PTRHC.1.TRAINED,KHM,2021,47.52545961002785,,
PTRHC.1.TRAINED,KHM,2022,47.9475945778329,,
PTRHC.1.TRAINED,KHM,2023,48.95407476025647,,
PTRHC.1.TRAINED,KIR,2020,28.63134002685547,,
PTRHC.1.TRAINED,KIR,2021,28.85271072387695,,
PTRHC.1.TRAINED,KIR,2022,26.9606990814209,,
PTRHC.1.TRAINED,KIR,2023,26.0278205871582,,
PTRHC.1.TRAINED,KNA,2019,21.15686274509804,,
PTRHC.1.TRAINED,KNA,2020,20.54901960784314,,
PTRHC.1.TRAINED,KNA,2021,20.29433962264151,,
PTRHC.1.TRAINED,KNA,2022,20.86475409836066,,
PTRHC.1.TRAINED,KNA,2023,19.21052631578947,,
PTRHC.1.TRAINED,KOR,2019,16.5297908782959,,
PTRHC.1.TRAINED,KOR,2020,16.23953056335449,,
PTRHC.1.TRAINED,KOR,2021,16.0517406463623,,
PTRHC.1.TRAINED,KOR,2022,15.77906036376953,,
PTRHC.1.TRAINED,KWT,2020,8.635669708251953,,
PTRHC.1.TRAINED,KWT,2021,8.087149620056152,,
PTRHC.1.TRAINED,LAO,2019,22.1568339945949,,
PTRHC.1.TRAINED,LAO,2020,22.14746221717481,,
PTRHC.1.TRAINED,LAO,2021,22.51439545062077,,
PTRHC.1.TRAINED,LAO,2022,25.04720244150559,,
PTRHC.1.TRAINED,LAO,2023,43.34984809534938,,
PTRHC.1.TRAINED,LBN,2021,61.09720993041992,,
PTRHC.1.TRAINED,LBN,2022,41.46080017089844,,
PTRHC.1.TRAINED,LBN,2023,35.51813125610352,,
PTRHC.1.TRAINED,LBR,2020,31.17440607522192,,
PTRHC.1.TRAINED,LBR,2022,24.56733215471519,,
PTRHC.1.TRAINED,LCA,2019,15.47318611987382,,
PTRHC.1.TRAINED,LCA,2020,16.74683544303797,,
PTRHC.1.TRAINED,LCA,2021,17.0242825607064,,
PTRHC.1.TRAINED,LCA,2022,17.48636054992676,,
PTRHC.1.TRAINED,LCA,2023,18.30392074584961,,
PTRHC.1.TRAINED,LKA,2019,26.10202960476118,,
PTRHC.1.TRAINED,LKA,2020,26.32005466772275,,
PTRHC.1.TRAINED,LKA,2021,26.43121042357684,,
PTRHC.1.TRAINED,LKA,2022,26.08339090894484,,
PTRHC.1.TRAINED,LKA,2023,24.88527902754756,,
PTRHC.1.TRAINED,LSO,2019,34.87046632124353,,
PTRHC.1.TRAINED,LSO,2020,33.51322751322751,,
PTRHC.1.TRAINED,LSO,2021,32.206637572313,,
PTRHC.1.TRAINED,LSO,2022,32.10188103711236,,
PTRHC.1.TRAINED,LSO,2023,31.27869674185464,,
PTRHC.1.TRAINED,LTU,2019,15.39859008789063,,
PTRHC.1.TRAINED,LTU,2020,15.19937992095947,,
PTRHC.1.TRAINED,LVA,2019,11.43490982055664,,
PTRHC.1.TRAINED,LVA,2020,11.48044013977051,,
PTRHC.1.TRAINED,LVA,2021,11.64785003662109,,
PTRHC.1.TRAINED,LVA,2022,11.96362018585205,,
PTRHC.1.TRAINED,MAC,2019,13.69108009338379,,
PTRHC.1.TRAINED,MAC,2020,13.51951026916504,,
PTRHC.1.TRAINED,MAC,2021,13.54086971282959,,
PTRHC.1.TRAINED,MAC,2022,13.48643970489502,,
PTRHC.1.TRAINED,MAC,2023,13.46158981323242,,
PTRHC.1.TRAINED,MAR,2019,25.79697036743164,,
PTRHC.1.TRAINED,MAR,2020,27.20549964904785,,
PTRHC.1.TRAINED,MAR,2021,26.53598022460938,,
PTRHC.1.TRAINED,MAR,2022,26.67255973815918,,
PTRHC.1.TRAINED,MAR,2023,25.91379928588867,,
PTRHC.1.TRAINED,MCO,2019,18.41666984558105,,
PTRHC.1.TRAINED,MCO,2020,14.93181991577148,,
PTRHC.1.TRAINED,MCO,2021,14.5263204574585,,
PTRHC.1.TRAINED,MCO,2022,15.90244007110596,,
PTRHC.1.TRAINED,MCO,2023,14.25352001190186,,
PTRHC.1.TRAINED,MDA,2019,17.96577072143555,,
PTRHC.1.TRAINED,MDA,2020,17.97249031066895,,
PTRHC.1.TRAINED,MDA,2021,18.12006950378418,,
PTRHC.1.TRAINED,MDA,2022,18.3311595916748,,
PTRHC.1.TRAINED,MDA,2023,18.37779998779297,,
PTRHC.1.TRAINED,MDG,2019,240.3867950439453,,
PTRHC.1.TRAINED,MDG: Caribbean,2019,24.20239067077637,UIS_EST,
PTRHC.1.TRAINED,MDG: Caribbean,2020,23.38488960266113,UIS_EST,
PTRHC.1.TRAINED,MDG: Caribbean,2021,22.73492050170898,UIS_EST,
PTRHC.1.TRAINED,MDG: Caribbean,2022,26.09255981445313,UIS_EST,
PTRHC.1.TRAINED,MDG: Caribbean,2023,30.89381980895996,,
PTRHC.1.TRAINED,MDG: Caucasus and Central Asia,2019,19.70895004272461,,
PTRHC.1.TRAINED,MDG: Caucasus and Central Asia,2020,19.65497016906738,,
PTRHC.1.TRAINED,MDG: Caucasus and Central Asia,2021,19.78775978088379,UIS_EST,
PTRHC.1.TRAINED,MDG: Caucasus and Central Asia,2022,20.08090972900391,UIS_EST,
PTRHC.1.TRAINED,MDG: Caucasus and Central Asia,2023,20.47715950012207,UIS_EST,
PTRHC.1.TRAINED,MDG: Developed regions,2019,14.85381031036377,UIS_EST,
PTRHC.1.TRAINED,MDG: Developed regions,2020,15.14500999450684,UIS_EST,
PTRHC.1.TRAINED,MDG: Developed regions,2021,14.77550029754639,UIS_EST,
PTRHC.1.TRAINED,MDG: Developed regions,2022,14.70654964447021,UIS_EST,
PTRHC.1.TRAINED,MDG: Developed regions,2023,14.74250030517578,UIS_EST,
PTRHC.1.TRAINED,MDG: Developing regions,2019,28.79046058654785,UIS_EST,
PTRHC.1.TRAINED,MDG: Developing regions,2020,28.52145957946777,UIS_EST,
PTRHC.1.TRAINED,MDG: Developing regions,2021,28.03311920166016,UIS_EST,
PTRHC.1.TRAINED,MDG: Developing regions,2022,28.9349308013916,UIS_EST,
PTRHC.1.TRAINED,MDG: Eastern Asia (excluding China),2019,17.94033050537109,,
PTRHC.1.TRAINED,MDG: Eastern Asia (excluding China),2020,17.7917308807373,,
PTRHC.1.TRAINED,MDG: Eastern Asia (excluding China),2021,17.7928295135498,,
PTRHC.1.TRAINED,MDG: Eastern Asia (excluding China),2022,17.64793014526367,,
PTRHC.1.TRAINED,MDG: Eastern Asia (excluding China),2023,17.78119087219238,UIS_EST,
PTRHC.1.TRAINED,MDG: Latin America,2019,24.26631927490234,UIS_EST,
PTRHC.1.TRAINED,MDG: Latin America,2020,23.98311996459961,,
PTRHC.1.TRAINED,MDG: Latin America,2021,23.7115306854248,,
PTRHC.1.TRAINED,MDG: Latin America,2022,23.62504959106445,UIS_EST,
PTRHC.1.TRAINED,MDG: Latin America and the Caribbean,2019,24.2609691619873,UIS_EST,
PTRHC.1.TRAINED,MDG: Latin America and the Caribbean,2020,23.9325008392334,,
PTRHC.1.TRAINED,MDG: Latin America and the Caribbean,2021,23.6290397644043,,
PTRHC.1.TRAINED,MDG: Latin America and the Caribbean,2022,23.80911064147949,UIS_EST,
PTRHC.1.TRAINED,MDG: Latin America and the Caribbean,2023,24.01028060913086,UIS_EST,
PTRHC.1.TRAINED,MDG: Northern Africa,2019,26.35751914978027,,
PTRHC.1.TRAINED,MDG: Northern Africa,2020,28.49773025512695,,
PTRHC.1.TRAINED,MDG: Northern Africa,2021,27.54136085510254,,
PTRHC.1.TRAINED,MDG: Northern Africa,2022,27.37882995605469,UIS_EST,
PTRHC.1.TRAINED,MDG: Northern Africa,2023,27.86687088012695,UIS_EST,
PTRHC.1.TRAINED,MDG: South-eastern Asia,2019,19.03075981140137,UIS_EST,
PTRHC.1.TRAINED,MDG: South-eastern Asia,2020,19.05508041381836,UIS_EST,
PTRHC.1.TRAINED,MDG: South-eastern Asia,2021,19.90855979919434,UIS_EST,
PTRHC.1.TRAINED,MDG: Southern Asia,2019,40.46696090698242,,
PTRHC.1.TRAINED,MDG: Southern Asia,2020,37.72333145141602,,
PTRHC.1.TRAINED,MDG: Southern Asia,2021,33.73628997802734,,
PTRHC.1.TRAINED,MDG: Southern Asia,2022,35.64360809326172,,
PTRHC.1.TRAINED,MDG: Southern Asia,2023,32.91286087036133,,
PTRHC.1.TRAINED,MDG: Southern Asia (excluding India),2019,46.75521087646484,UIS_EST,
PTRHC.1.TRAINED,MDG: Southern Asia (excluding India),2020,47.87372970581055,UIS_EST,
PTRHC.1.TRAINED,MDG: Sub-Saharan Africa,2019,53.20413970947266,UIS_EST,
PTRHC.1.TRAINED,MDG: Sub-Saharan Africa,2020,54.35549163818359,UIS_EST,
PTRHC.1.TRAINED,MDG: Sub-Saharan Africa,2021,53.48369979858398,UIS_EST,
PTRHC.1.TRAINED,MDG: Sub-Saharan Africa,2022,57.68465042114258,UIS_EST,
PTRHC.1.TRAINED,MDG: Western Asia,2019,22.35333061218262,UIS_EST,
PTRHC.1.TRAINED,MDG: Western Asia,2020,22.17882919311523,UIS_EST,
PTRHC.1.TRAINED,MDG: Western Asia,2021,22.57971000671387,UIS_EST,
PTRHC.1.TRAINED,MDG: Western Asia,2022,23.3115291595459,UIS_EST,
PTRHC.1.TRAINED,MDG: Western Asia,2023,23.35792922973633,UIS_EST,
PTRHC.1.TRAINED,MDG: World,2019,26.20796012878418,UIS_EST,
PTRHC.1.TRAINED,MDG: World,2020,26.16173934936523,UIS_EST,
PTRHC.1.TRAINED,MDG: World,2021,25.71084022521973,UIS_EST,
PTRHC.1.TRAINED,MDG: World,2022,26.42353057861328,UIS_EST,
PTRHC.1.TRAINED,MDG: World,2023,26.47363090515137,UIS_EST,
PTRHC.1.TRAINED,MDV,2019,11.50885780885781,,
PTRHC.1.TRAINED,MDV,2022,11.00578965518468,,
PTRHC.1.TRAINED,MEX,2019,27.64682960510254,,
PTRHC.1.TRAINED,MEX,2020,26.8761100769043,,
PTRHC.1.TRAINED,MEX,2021,26.51543045043945,,
PTRHC.1.TRAINED,MHL,2021,24.91119956970215,,
PTRHC.1.TRAINED,MHL,2022,23.78536987304688,,
PTRHC.1.TRAINED,MLI,2023,132.5951232910156,,
PTRHC.1.TRAINED,MLT,2019,15.75765037536621,,
PTRHC.1.TRAINED,MLT,2020,15.70888996124268,,
PTRHC.1.TRAINED,MLT,2021,15.34226036071777,,
PTRHC.1.TRAINED,MNG,2019,34.24599434495759,,
PTRHC.1.TRAINED,MNG,2022,32.46783472803347,,
PTRHC.1.TRAINED,MNG,2023,33.12678989846394,,
PTRHC.1.TRAINED,MOZ,2019,58.32365036010742,,
PTRHC.1.TRAINED,MOZ,2020,58.80096054077148,,
PTRHC.1.TRAINED,MOZ,2022,57.74406814575195,,
PTRHC.1.TRAINED,MRT,2019,42.05984878540039,,
PTRHC.1.TRAINED,MSR,2019,19.90909004211426,,
PTRHC.1.TRAINED,MUS,2019,15.203049659729,,
PTRHC.1.TRAINED,MUS,2020,13.97832012176514,,
PTRHC.1.TRAINED,MUS,2021,14.17267990112305,,
PTRHC.1.TRAINED,MUS,2023,15.7803201675415,,
PTRHC.1.TRAINED,MYS,2019,12.32729911396273,,
PTRHC.1.TRAINED,MYS,2020,12.48722800761781,,
PTRHC.1.TRAINED,MYS,2021,11.9237699508667,,
PTRHC.1.TRAINED,MYS,2022,13.54373944857172,,
PTRHC.1.TRAINED,MYS,2023,13.56586589924018,,
PTRHC.1.TRAINED,NAM,2019,29.87898163899806,,
PTRHC.1.TRAINED,NAM,2020,29.03018086119044,,
PTRHC.1.TRAINED,NAM,2021,29.21016596373994,,
PTRHC.1.TRAINED,NAM,2022,29.21748639709805,,
PTRHC.1.TRAINED,NAM,2023,29.0964835504299,,
PTRHC.1.TRAINED,NER,2021,42.19710159301758,,
PTRHC.1.TRAINED,NER,2022,44.16592025756836,,
PTRHC.1.TRAINED,NER,2023,45.32265853881836,,
PTRHC.1.TRAINED,NIC,2022,42.16535186767578,,
PTRHC.1.TRAINED,NIC,2023,50.03582000732422,,
PTRHC.1.TRAINED,NIU,2019,43.40000152587891,,
PTRHC.1.TRAINED,NIU,2021,17.83333015441895,,
PTRHC.1.TRAINED,NPL,2019,20.29369926452637,,
PTRHC.1.TRAINED,NPL,2020,17.99765014648438,,
PTRHC.1.TRAINED,NPL,2021,17.65802399693286,,
PTRHC.1.TRAINED,NPL,2023,23.1716275189321,,
PTRHC.1.TRAINED,NRU,2023,204.1000061035156,,
PTRHC.1.TRAINED,OMN,2019,10.34249973297119,,
PTRHC.1.TRAINED,OMN,2020,10.79806995391846,,
PTRHC.1.TRAINED,OMN,2021,12.29930019378662,,
PTRHC.1.TRAINED,OMN,2022,11.76352024078369,,
PTRHC.1.TRAINED,OMN,2023,11.54691028594971,NAT_EST,
PTRHC.1.TRAINED,PAK,2019,61.91595077514648,,
PTRHC.1.TRAINED,PAK,2021,66.88224014810896,,
PTRHC.1.TRAINED,PAK,2022,65.04800453861093,,
PTRHC.1.TRAINED,PER,2023,132.7497863769531,,
PTRHC.1.TRAINED,PHL,2019,25.65984547800502,,
PTRHC.1.TRAINED,PHL,2020,25.18740636543498,,
PTRHC.1.TRAINED,PHL,2021,23.76413240571442,,
PTRHC.1.TRAINED,PHL,2022,24.30293026515014,,
PTRHC.1.TRAINED,PLW,2021,7.979591836734694,,
PTRHC.1.TRAINED,PLW,2022,11.42105263157895,,
PTRHC.1.TRAINED,PLW,2023,11.97435897435897,,
PTRHC.1.TRAINED,POL,2019,9.13757038116455,,
PTRHC.1.TRAINED,PRT,2019,11.98412036895752,,
PTRHC.1.TRAINED,PRT,2020,11.77912044525146,,
PTRHC.1.TRAINED,PSE,2019,22.98699951171875,,
PTRHC.1.TRAINED,PSE,2020,21.43785095214844,,
PTRHC.1.TRAINED,PSE,2021,21.21464920043945,,
PTRHC.1.TRAINED,PSE,2022,20.8400993347168,,
PTRHC.1.TRAINED,PSE,2023,20.55674934387207,,
PTRHC.1.TRAINED,QAT,2019,12.15221977233887,,
PTRHC.1.TRAINED,QAT,2020,12.46370983123779,,
PTRHC.1.TRAINED,QAT,2021,12.48680973052979,,
PTRHC.1.TRAINED,QAT,2022,12.67171001434326,,
PTRHC.1.TRAINED,QAT,2023,12.39019966125488,,
PTRHC.1.TRAINED,RUS,2023,24.05298042297363,,
PTRHC.1.TRAINED,RWA,2019,60.23506927490234,,
PTRHC.1.TRAINED,RWA,2021,59.08073043823242,,
PTRHC.1.TRAINED,RWA,2022,57.19963836669922,,
PTRHC.1.TRAINED,RWA,2023,61.87123870849609,,
PTRHC.1.TRAINED,SAU,2019,13.64566993713379,,
PTRHC.1.TRAINED,SAU,2020,13.05632019042969,,
PTRHC.1.TRAINED,SAU,2021,13.4594898223877,,
PTRHC.1.TRAINED,SDG: Central Asia,2019,21.20978927612305,,
PTRHC.1.TRAINED,SDG: Central Asia,2020,21.04371070861816,,
PTRHC.1.TRAINED,SDG: Central Asia,2021,21.17789077758789,UIS_EST,
PTRHC.1.TRAINED,SDG: Central Asia,2022,21.56063079833984,UIS_EST,
PTRHC.1.TRAINED,SDG: Central Asia,2023,22.08259963989258,UIS_EST,
PTRHC.1.TRAINED,SDG: Central and Southern Asia,2019,39.34341812133789,,
PTRHC.1.TRAINED,SDG: Central and Southern Asia,2020,36.79536819458008,,
PTRHC.1.TRAINED,SDG: Central and Southern Asia,2021,33.10506057739258,,
PTRHC.1.TRAINED,SDG: Central and Southern Asia,2022,34.94058990478516,,
PTRHC.1.TRAINED,SDG: Central and Southern Asia,2023,32.41252136230469,,
PTRHC.1.TRAINED,SDG: Europe,2019,15.05512046813965,UIS_EST,
PTRHC.1.TRAINED,SDG: Europe,2020,15.74687957763672,UIS_EST,
PTRHC.1.TRAINED,SDG: Europe and Northern America,2019,14.64920997619629,UIS_EST,
PTRHC.1.TRAINED,SDG: Europe and Northern America,2020,14.98612976074219,UIS_EST,
PTRHC.1.TRAINED,SDG: Europe and Northern America,2021,14.56326961517334,UIS_EST,
PTRHC.1.TRAINED,SDG: Europe and Northern America,2022,14.47964000701904,UIS_EST,
PTRHC.1.TRAINED,SDG: Europe and Northern America,2023,14.48670959472656,UIS_EST,
PTRHC.1.TRAINED,"SDG: Europe, Northern America, Australia and New Zealand",2019,14.83261013031006,UIS_EST,
PTRHC.1.TRAINED,"SDG: Europe, Northern America, Australia and New Zealand",2020,15.17306995391846,UIS_EST,
PTRHC.1.TRAINED,"SDG: Europe, Northern America, Australia and New Zealand",2021,14.75323963165283,UIS_EST,
PTRHC.1.TRAINED,"SDG: Europe, Northern America, Australia and New Zealand",2022,14.67932033538818,UIS_EST,
PTRHC.1.TRAINED,"SDG: Europe, Northern America, Australia and New Zealand",2023,14.69987010955811,UIS_EST,
PTRHC.1.TRAINED,SDG: Landlocked Developing Countries,2019,49.62292098999023,UIS_EST,
PTRHC.1.TRAINED,SDG: Landlocked Developing Countries,2020,49.76082992553711,UIS_EST,
PTRHC.1.TRAINED,SDG: Landlocked Developing Countries,2021,48.58567810058594,UIS_EST,
PTRHC.1.TRAINED,SDG: Latin America and the Caribbean,2019,24.2609691619873,UIS_EST,
PTRHC.1.TRAINED,SDG: Latin America and the Caribbean,2020,23.9325008392334,,
PTRHC.1.TRAINED,SDG: Latin America and the Caribbean,2021,23.6290397644043,,
PTRHC.1.TRAINED,SDG: Latin America and the Caribbean,2022,23.80911064147949,UIS_EST,
PTRHC.1.TRAINED,SDG: Latin America and the Caribbean,2023,24.01028060913086,UIS_EST,
PTRHC.1.TRAINED,SDG: Least Developed Countries,2019,50.95273971557617,UIS_EST,
PTRHC.1.TRAINED,SDG: Least Developed Countries,2020,52.097900390625,UIS_EST,
PTRHC.1.TRAINED,SDG: Least Developed Countries,2021,50.74554061889648,UIS_EST,
PTRHC.1.TRAINED,SDG: Northern Africa,2019,25.48969078063965,UIS_EST,
PTRHC.1.TRAINED,SDG: Northern Africa,2020,27.19639015197754,UIS_EST,
PTRHC.1.TRAINED,SDG: Northern Africa,2021,26.49538993835449,,
PTRHC.1.TRAINED,SDG: Northern Africa,2022,26.43819999694824,UIS_EST,
PTRHC.1.TRAINED,SDG: Northern Africa,2023,26.79492950439453,UIS_EST,
PTRHC.1.TRAINED,SDG: Northern Africa and Western Asia,2019,23.29000091552734,UIS_EST,
PTRHC.1.TRAINED,SDG: Northern Africa and Western Asia,2020,23.99435997009277,UIS_EST,
PTRHC.1.TRAINED,SDG: Northern Africa and Western Asia,2021,23.92816925048828,UIS_EST,
PTRHC.1.TRAINED,SDG: Northern Africa and Western Asia,2022,24.23174095153809,UIS_EST,
PTRHC.1.TRAINED,SDG: Northern Africa and Western Asia,2023,24.40732002258301,UIS_EST,
PTRHC.1.TRAINED,SDG: Northern America,2019,14.08378028869629,,
PTRHC.1.TRAINED,SDG: Northern America,2020,13.9909496307373,,
PTRHC.1.TRAINED,SDG: Northern America,2021,13.22552013397217,,
PTRHC.1.TRAINED,SDG: Northern America,2022,12.94458961486816,,
PTRHC.1.TRAINED,SDG: Northern America,2023,13.14089012145996,UIS_EST,
PTRHC.1.TRAINED,SDG: Small Island Developing States,2019,27.1417407989502,UIS_EST,
PTRHC.1.TRAINED,SDG: Small Island Developing States,2020,26.57320022583008,UIS_EST,
PTRHC.1.TRAINED,SDG: Small Island Developing States,2021,26.18144989013672,UIS_EST,
PTRHC.1.TRAINED,SDG: Small Island Developing States,2022,28.97316932678223,UIS_EST,
PTRHC.1.TRAINED,SDG: Small Island Developing States,2023,32.73802185058594,UIS_EST,
PTRHC.1.TRAINED,SDG: South-Eastern Asia,2019,19.03075981140137,UIS_EST,
PTRHC.1.TRAINED,SDG: South-Eastern Asia,2020,19.05508041381836,UIS_EST,
PTRHC.1.TRAINED,SDG: South-Eastern Asia,2021,19.90855979919434,UIS_EST,
PTRHC.1.TRAINED,SDG: Southern Asia,2019,40.46696090698242,,
PTRHC.1.TRAINED,SDG: Southern Asia,2020,37.72333145141602,,
PTRHC.1.TRAINED,SDG: Southern Asia,2021,33.73628997802734,,
PTRHC.1.TRAINED,SDG: Southern Asia,2022,35.64360809326172,,
PTRHC.1.TRAINED,SDG: Southern Asia,2023,32.91286087036133,,
PTRHC.1.TRAINED,SDG: Sub-Saharan Africa,2019,55.52267074584961,UIS_EST,
PTRHC.1.TRAINED,SDG: Sub-Saharan Africa,2020,56.75648880004883,UIS_EST,
PTRHC.1.TRAINED,SDG: Sub-Saharan Africa,2021,55.79452896118164,UIS_EST,
PTRHC.1.TRAINED,SDG: Sub-Saharan Africa,2022,60.46205902099609,UIS_EST,
PTRHC.1.TRAINED,SDG: Western Asia,2019,21.29253959655762,UIS_EST,
PTRHC.1.TRAINED,SDG: Western Asia,2020,21.2009391784668,UIS_EST,
PTRHC.1.TRAINED,SDG: Western Asia,2021,21.54311943054199,UIS_EST,
PTRHC.1.TRAINED,SDG: Western Asia,2022,22.17469024658203,UIS_EST,
PTRHC.1.TRAINED,SDG: Western Asia,2023,22.24218940734863,UIS_EST,
PTRHC.1.TRAINED,SDG: World,2019,26.20787048339844,UIS_EST,
PTRHC.1.TRAINED,SDG: World,2020,26.16163063049316,UIS_EST,
PTRHC.1.TRAINED,SDG: World,2021,25.71073913574219,UIS_EST,
PTRHC.1.TRAINED,SDG: World,2022,26.42344093322754,UIS_EST,
PTRHC.1.TRAINED,SDG: World,2023,26.47355079650879,UIS_EST,
PTRHC.1.TRAINED,SDN,2019,46.24615097045898,,
PTRHC.1.TRAINED,SEN,2019,44.64291000366211,,
PTRHC.1.TRAINED,SEN,2020,45.31668090820313,,
PTRHC.1.TRAINED,SEN,2021,44.4534797668457,,
PTRHC.1.TRAINED,SEN,2022,44.75442886352539,,
PTRHC.1.TRAINED,SEN,2023,43.63637924194336,,
PTRHC.1.TRAINED,SGP,2019,14.51455020904541,,
PTRHC.1.TRAINED,SGP,2020,14.17671012878418,,
PTRHC.1.TRAINED,SGP,2021,14.12020015716553,,
PTRHC.1.TRAINED,SGP,2022,14.32579040527344,,
PTRHC.1.TRAINED,SLB,2019,29.91287349902262,,
PTRHC.1.TRAINED,SLE,2019,58.26645602948921,,
PTRHC.1.TRAINED,SLE,2020,59.78302079086833,,
PTRHC.1.TRAINED,SLE,2021,61.38964935308456,,
PTRHC.1.TRAINED,SLE,2022,63.28408564278432,,
PTRHC.1.TRAINED,SLE,2023,66.25402351704658,,
PTRHC.1.TRAINED,SLV,2023,27.26223945617676,,
PTRHC.1.TRAINED,SMR,2019,7.54794979095459,,
PTRHC.1.TRAINED,SMR,2020,16.35713958740234,,
PTRHC.1.TRAINED,SMR,2021,16.57447052001953,,
PTRHC.1.TRAINED,SMR,2022,18.10843086242676,,
PTRHC.1.TRAINED,SMR,2023,17,,
PTRHC.1.TRAINED,SUR,2020,12.90655040740967,,
PTRHC.1.TRAINED,SUR,2021,12.52472019195557,,
PTRHC.1.TRAINED,SUR,2023,30.30933952331543,,
PTRHC.1.TRAINED,SVK,2022,12.79351043701172,,
PTRHC.1.TRAINED,SYC,2019,17.50559997558594,,
PTRHC.1.TRAINED,SYC,2020,18.5,,
PTRHC.1.TRAINED,SYC,2021,21.31151008605957,,
PTRHC.1.TRAINED,SYC,2022,25.5710506439209,,
PTRHC.1.TRAINED,SYC,2023,17.2936897277832,,
PTRHC.1.TRAINED,SYR,2022,45.67686080932617,,
PTRHC.1.TRAINED,SYR,2023,34.44034957885742,,
PTRHC.1.TRAINED,TCA,2020,13.00743007659912,,
PTRHC.1.TRAINED,TCA,2021,16.02840042114258,,
PTRHC.1.TRAINED,TCA,2022,15.04866981506348,,
PTRHC.1.TRAINED,TCA,2023,16.48356807511737,,
PTRHC.1.TRAINED,TCD,2021,89.01647186279297,,
PTRHC.1.TRAINED,TCD,2022,87.75447845458984,,
PTRHC.1.TRAINED,TCD,2023,90.39814758300781,,
PTRHC.1.TRAINED,TGO,2019,50.83993911743164,,
PTRHC.1.TRAINED,TGO,2020,51.78345108032227,,
PTRHC.1.TRAINED,TGO,2021,50.87168884277344,,
PTRHC.1.TRAINED,TGO,2022,51.77140045166016,,
PTRHC.1.TRAINED,TGO,2023,53.58546829223633,,
PTRHC.1.TRAINED,THA,2019,12.56761545601921,,
PTRHC.1.TRAINED,THA,2020,11.48713428911106,,
PTRHC.1.TRAINED,THA,2021,14.37259144549995,,
PTRHC.1.TRAINED,THA,2022,13.9575772792391,,
PTRHC.1.TRAINED,THA,2023,14.37059069152914,,
PTRHC.1.TRAINED,TKL,2019,13.91666984558105,,
PTRHC.1.TRAINED,TKL,2020,14.41666984558105,,
PTRHC.1.TRAINED,TKL,2021,15.58333015441895,,
PTRHC.1.TRAINED,TKL,2023,19.375,,
PTRHC.1.TRAINED,TKM,2019,25.88422966003418,,
PTRHC.1.TRAINED,TKM,2020,25.97525024414063,,
PTRHC.1.TRAINED,TKM,2021,26.1965503692627,,
PTRHC.1.TRAINED,TKM,2023,26.01326942443848,,
PTRHC.1.TRAINED,TON,2019,22.57824933687003,,
PTRHC.1.TRAINED,TON,2020,23.268758526603,,
PTRHC.1.TRAINED,TON,2021,20.81012658227848,,
PTRHC.1.TRAINED,TON,2022,21.13026819923371,,
PTRHC.1.TRAINED,TON,2023,21.17477003942181,,
PTRHC.1.TRAINED,TTO,2020,22.18197059631348,,
PTRHC.1.TRAINED,TTO,2022,22.27932929992676,,
PTRHC.1.TRAINED,TTO,2023,19.46471977233887,,
PTRHC.1.TRAINED,TUN,2020,16.80271911621094,,
PTRHC.1.TRAINED,TUN,2022,16.15212059020996,,
PTRHC.1.TRAINED,TUN,2023,15.81075954437256,,
PTRHC.1.TRAINED,TUV,2019,15.93976020812988,,
PTRHC.1.TRAINED,TUV,2021,17.0588207244873,,
PTRHC.1.TRAINED,TUV,2022,30.19565010070801,,
PTRHC.1.TRAINED,TUV,2023,23.09676933288574,,
PTRHC.1.TRAINED,UIS: Arab States,2019,24.66342926025391,UIS_EST,
PTRHC.1.TRAINED,UIS: Arab States,2020,25.56497955322266,UIS_EST,
PTRHC.1.TRAINED,UIS: Arab States,2021,25.4317798614502,UIS_EST,
PTRHC.1.TRAINED,UIS: Arab States,2022,25.80797004699707,UIS_EST,
PTRHC.1.TRAINED,UIS: Arab States,2023,26.02887916564941,UIS_EST,
PTRHC.1.TRAINED,UIS: Central Asia,2019,20.08778953552246,,
PTRHC.1.TRAINED,UIS: Central Asia,2020,20.07768058776855,,
PTRHC.1.TRAINED,UIS: Central Asia,2021,20.24418067932129,UIS_EST,
PTRHC.1.TRAINED,UIS: Central Asia,2022,20.56963920593262,UIS_EST,
PTRHC.1.TRAINED,UIS: Central Asia,2023,20.97883987426758,UIS_EST,
PTRHC.1.TRAINED,UIS: Central and Eastern Europe,2019,17.57094955444336,UIS_EST,
PTRHC.1.TRAINED,UIS: Central and Eastern Europe,2020,18.62298965454102,UIS_EST,
PTRHC.1.TRAINED,UIS: Central and Eastern Europe,2021,18.94177055358887,UIS_EST,
PTRHC.1.TRAINED,UIS: Central and Eastern Europe,2022,19.17852020263672,UIS_EST,
PTRHC.1.TRAINED,UIS: Central and Eastern Europe,2023,19.01498985290527,UIS_EST,
PTRHC.1.TRAINED,UIS: Latin America and the Caribbean,2019,24.25904083251953,UIS_EST,
PTRHC.1.TRAINED,UIS: Latin America and the Caribbean,2020,23.93067932128906,,
PTRHC.1.TRAINED,UIS: Latin America and the Caribbean,2021,23.6273193359375,,
PTRHC.1.TRAINED,UIS: Latin America and the Caribbean,2022,23.80738067626953,UIS_EST,
PTRHC.1.TRAINED,UIS: Latin America and the Caribbean,2023,24.00856018066406,UIS_EST,
PTRHC.1.TRAINED,UIS: North America and Western Europe,2019,14.0600004196167,UIS_EST,
PTRHC.1.TRAINED,UIS: North America and Western Europe,2020,14.21411037445068,UIS_EST,
PTRHC.1.TRAINED,UIS: North America and Western Europe,2021,13.66446018218994,UIS_EST,
PTRHC.1.TRAINED,UIS: North America and Western Europe,2022,13.52779006958008,UIS_EST,
PTRHC.1.TRAINED,UIS: North America and Western Europe,2023,13.58726978302002,UIS_EST,
PTRHC.1.TRAINED,UIS: South and West Asia,2019,40.46696090698242,,
PTRHC.1.TRAINED,UIS: South and West Asia,2020,37.72333145141602,,
PTRHC.1.TRAINED,UIS: South and West Asia,2021,33.73628997802734,,
PTRHC.1.TRAINED,UIS: South and West Asia,2022,35.64360809326172,,
PTRHC.1.TRAINED,UIS: South and West Asia,2023,32.91286087036133,,
PTRHC.1.TRAINED,UIS: Sub-Saharan Africa,2019,55.60572814941406,UIS_EST,
PTRHC.1.TRAINED,UIS: Sub-Saharan Africa,2020,56.85203170776367,UIS_EST,
PTRHC.1.TRAINED,UIS: Sub-Saharan Africa,2021,55.85947036743164,UIS_EST,
PTRHC.1.TRAINED,UIS: Sub-Saharan Africa,2022,60.53425979614258,UIS_EST,
PTRHC.1.TRAINED,UIS: World,2019,26.20787048339844,UIS_EST,
PTRHC.1.TRAINED,UIS: World,2020,26.16163063049316,UIS_EST,
PTRHC.1.TRAINED,UIS: World,2021,25.71073913574219,UIS_EST,
PTRHC.1.TRAINED,UIS: World,2022,26.42344093322754,UIS_EST,
PTRHC.1.TRAINED,UIS: World,2023,26.47355079650879,UIS_EST,
PTRHC.1.TRAINED,UKR,2019,17.8732795715332,,
PTRHC.1.TRAINED,UKR,2020,17.22001075744629,,
PTRHC.1.TRAINED,UKR,2021,16.47987937927246,,
PTRHC.1.TRAINED,UKR,2023,15.9659595489502,,
PTRHC.1.TRAINED,UNESCO: SIDS,2019,27.89579010009766,UIS_EST,
PTRHC.1.TRAINED,UNESCO: SIDS,2020,27.32864952087402,UIS_EST,
PTRHC.1.TRAINED,UNESCO: SIDS,2021,26.95144081115723,UIS_EST,
PTRHC.1.TRAINED,UNESCO: SIDS,2022,30.0264892578125,UIS_EST,
PTRHC.1.TRAINED,UNESCO: SIDS,2023,34.20256042480469,UIS_EST,
PTRHC.1.TRAINED,UNICEF: Africa,2019,47.49982070922852,UIS_EST,
PTRHC.1.TRAINED,UNICEF: Africa,2020,49.04217147827148,UIS_EST,
PTRHC.1.TRAINED,UNICEF: Africa,2021,48.00778961181641,UIS_EST,
PTRHC.1.TRAINED,UNICEF: Africa,2022,51.04183959960938,UIS_EST,
PTRHC.1.TRAINED,UNICEF: All UNICEF Countries,2019,28.63936042785645,UIS_EST,
PTRHC.1.TRAINED,UNICEF: All UNICEF Countries,2020,28.3863697052002,UIS_EST,
PTRHC.1.TRAINED,UNICEF: All UNICEF Countries,2021,27.91150093078613,UIS_EST,
PTRHC.1.TRAINED,UNICEF: All UNICEF Countries,2022,28.80216979980469,UIS_EST,
PTRHC.1.TRAINED,UNICEF: Association of South East Asian Nations (ASEAN),2019,19.01322937011719,UIS_EST,
PTRHC.1.TRAINED,UNICEF: Association of South East Asian Nations (ASEAN),2020,19.03780937194824,UIS_EST,
PTRHC.1.TRAINED,UNICEF: Association of South East Asian Nations (ASEAN),2021,19.89129066467285,UIS_EST,
PTRHC.1.TRAINED,UNICEF: Central and Eastern Europe/Commonwealth of Independent States,2019,20.28708076477051,UIS_EST,
PTRHC.1.TRAINED,UNICEF: Central and Eastern Europe/Commonwealth of Independent States,2020,20.28031921386719,UIS_EST,
PTRHC.1.TRAINED,UNICEF: Central and Eastern Europe/Commonwealth of Independent States,2021,20.41109085083008,UIS_EST,
PTRHC.1.TRAINED,UNICEF: Central and Eastern Europe/Commonwealth of Independent States,2022,20.7104606628418,UIS_EST,
PTRHC.1.TRAINED,UNICEF: Central and Eastern Europe/Commonwealth of Independent States,2023,20.68326950073242,UIS_EST,
PTRHC.1.TRAINED,UNICEF: Eastern Europe and Central Asia,2019,20.28708076477051,UIS_EST,
PTRHC.1.TRAINED,UNICEF: Eastern Europe and Central Asia,2020,20.28031921386719,UIS_EST,
PTRHC.1.TRAINED,UNICEF: Eastern Europe and Central Asia,2021,20.41109085083008,UIS_EST,
PTRHC.1.TRAINED,UNICEF: Eastern Europe and Central Asia,2022,20.7104606628418,UIS_EST,
PTRHC.1.TRAINED,UNICEF: Eastern Europe and Central Asia,2023,20.68326950073242,UIS_EST,
PTRHC.1.TRAINED,UNICEF: Economic Community of Central African States (ECCAS),2019,45.90129089355469,UIS_EST,
PTRHC.1.TRAINED,UNICEF: Economic Community of Central African States (ECCAS),2020,49.71072006225586,UIS_EST,
PTRHC.1.TRAINED,UNICEF: Economic Community of Central African States (ECCAS),2021,47.47706985473633,,
PTRHC.1.TRAINED,UNICEF: Economic Community of Central African States (ECCAS),2022,64.62377166748047,UIS_EST,
PTRHC.1.TRAINED,UNICEF: Economic Community of Central African States (ECCAS),2023,103.0871505737305,,
PTRHC.1.TRAINED,UNICEF: Economic Community of West African States (ECOWAS),2019,50.69858169555664,UIS_EST,
PTRHC.1.TRAINED,UNICEF: Economic Community of West African States (ECOWAS),2020,50.01591873168945,UIS_EST,
PTRHC.1.TRAINED,UNICEF: Economic Community of West African States (ECOWAS),2021,50.64276123046875,UIS_EST,
PTRHC.1.TRAINED,UNICEF: Economic Community of West African States (ECOWAS),2022,51.77854919433594,UIS_EST,
PTRHC.1.TRAINED,UNICEF: Europe and Central Asia,2019,15.92206001281738,UIS_EST,
PTRHC.1.TRAINED,UNICEF: Europe and Central Asia,2020,16.48969078063965,UIS_EST,
PTRHC.1.TRAINED,UNICEF: Europe and Central Asia Programme Countries,2019,19.46606063842773,UIS_EST,
PTRHC.1.TRAINED,UNICEF: Europe and Central Asia Programme Countries,2020,19.13071060180664,UIS_EST,
PTRHC.1.TRAINED,UNICEF: Europe and Central Asia Programme Countries,2021,19.14229965209961,UIS_EST,
PTRHC.1.TRAINED,UNICEF: Europe and Central Asia Programme Countries,2022,19.38019943237305,UIS_EST,
PTRHC.1.TRAINED,UNICEF: Gulf Area,2019,13.56319046020508,,
PTRHC.1.TRAINED,UNICEF: Gulf Area,2020,13.01793003082275,,
PTRHC.1.TRAINED,UNICEF: Gulf Area,2021,13.19841003417969,,
PTRHC.1.TRAINED,UNICEF: Gulf Area,2022,13.84856986999512,,
PTRHC.1.TRAINED,UNICEF: Gulf Area,2023,15.51669979095459,UIS_EST,
PTRHC.1.TRAINED,UNICEF: Latin America and Caribbean,2019,24.33835029602051,UIS_EST,
PTRHC.1.TRAINED,UNICEF: Latin America and Caribbean,2020,24.01240921020508,,
PTRHC.1.TRAINED,UNICEF: Latin America and Caribbean,2021,23.7104606628418,,
PTRHC.1.TRAINED,UNICEF: Latin America and Caribbean,2022,23.89709091186523,UIS_EST,
PTRHC.1.TRAINED,UNICEF: Latin America and Caribbean,2023,24.10453033447266,UIS_EST,
PTRHC.1.TRAINED,UNICEF: Middle East and North Africa,2019,25.21068000793457,UIS_EST,
PTRHC.1.TRAINED,UNICEF: Middle East and North Africa,2020,26.50262069702148,UIS_EST,
PTRHC.1.TRAINED,UNICEF: Middle East and North Africa,2021,26.34466934204102,UIS_EST,
PTRHC.1.TRAINED,UNICEF: Middle East and North Africa,2022,26.66643905639648,UIS_EST,
PTRHC.1.TRAINED,UNICEF: Middle East and North Africa,2023,26.87619018554688,UIS_EST,
PTRHC.1.TRAINED,UNICEF: Middle East and North Africa Programme Countries,2019,25.28388023376465,UIS_EST,
PTRHC.1.TRAINED,UNICEF: Middle East and North Africa Programme Countries,2020,26.48225021362305,UIS_EST,
PTRHC.1.TRAINED,UNICEF: Middle East and North Africa Programme Countries,2021,26.3416805267334,UIS_EST,
PTRHC.1.TRAINED,UNICEF: Middle East and North Africa Programme Countries,2022,26.68271064758301,UIS_EST,
PTRHC.1.TRAINED,UNICEF: Middle East and North Africa Programme Countries,2023,26.86212921142578,UIS_EST,
PTRHC.1.TRAINED,UNICEF: North America,2019,14.08446979522705,,
PTRHC.1.TRAINED,UNICEF: North America,2020,13.99160003662109,,
PTRHC.1.TRAINED,UNICEF: North America,2021,13.2260103225708,,
PTRHC.1.TRAINED,UNICEF: North America,2022,12.94501972198486,,
PTRHC.1.TRAINED,UNICEF: North America,2023,13.14132976531982,UIS_EST,
PTRHC.1.TRAINED,UNICEF: South Asia,2019,41.09843063354492,,
PTRHC.1.TRAINED,UNICEF: South Asia,2020,37.87810897827148,,
PTRHC.1.TRAINED,UNICEF: South Asia,2021,33.68186187744141,,
PTRHC.1.TRAINED,UNICEF: South Asia,2022,35.68429946899414,,
PTRHC.1.TRAINED,UNICEF: South Asia,2023,32.82049179077148,,
PTRHC.1.TRAINED,UNICEF: Sub-Saharan Africa,2019,53.20413970947266,UIS_EST,
PTRHC.1.TRAINED,UNICEF: Sub-Saharan Africa,2020,54.35549163818359,UIS_EST,
PTRHC.1.TRAINED,UNICEF: Sub-Saharan Africa,2021,53.48369979858398,UIS_EST,
PTRHC.1.TRAINED,UNICEF: Sub-Saharan Africa,2022,57.68465042114258,UIS_EST,
PTRHC.1.TRAINED,UNICEF: West and Central Africa,2019,47.76052093505859,UIS_EST,
PTRHC.1.TRAINED,UNICEF: West and Central Africa,2020,49.16104125976563,UIS_EST,
PTRHC.1.TRAINED,UNICEF: West and Central Africa,2021,48.71804809570313,UIS_EST,
PTRHC.1.TRAINED,UNICEF: West and Central Africa,2022,56.30453872680664,UIS_EST,
PTRHC.1.TRAINED,UNICEF: West and Central Africa,2023,66.46955871582031,UIS_EST,
PTRHC.1.TRAINED,UNICEF: World,2019,26.22979927062988,UIS_EST,
PTRHC.1.TRAINED,UNICEF: World,2020,26.18437004089355,UIS_EST,
PTRHC.1.TRAINED,UNICEF: World,2021,25.73311996459961,UIS_EST,
PTRHC.1.TRAINED,UNICEF: World,2022,26.44779014587402,UIS_EST,
PTRHC.1.TRAINED,UNICEF: World,2023,26.49794006347656,UIS_EST,
PTRHC.1.TRAINED,URY,2019,11.67621994018555,,
PTRHC.1.TRAINED,URY,2020,11.21068954467773,,
PTRHC.1.TRAINED,URY,2021,14.59424018859863,,
PTRHC.1.TRAINED,URY,2022,15.39579010009766,,
PTRHC.1.TRAINED,USA,2019,14.60816955566406,,
PTRHC.1.TRAINED,USA,2020,14.43729019165039,,
PTRHC.1.TRAINED,USA,2021,13.56892013549805,,
PTRHC.1.TRAINED,USA,2022,13.25541019439697,,
PTRHC.1.TRAINED,USA,2023,13.38951015472412,,
PTRHC.1.TRAINED,UZB,2019,21.09244404790963,,
PTRHC.1.TRAINED,UZB,2020,20.73770058117906,,
PTRHC.1.TRAINED,UZB,2021,20.42651341496244,,
PTRHC.1.TRAINED,UZB,2022,20.62282294848726,,
PTRHC.1.TRAINED,UZB,2023,21.01963263181379,,
PTRHC.1.TRAINED,VCT,2019,16.92167101827676,,
PTRHC.1.TRAINED,VCT,2020,16.87694300518135,,
PTRHC.1.TRAINED,VCT,2021,16.46734955185659,,
PTRHC.1.TRAINED,VCT,2022,16.21223958333333,,
PTRHC.1.TRAINED,VCT,2023,15.5537084398977,,
PTRHC.1.TRAINED,VEN,2023,14.14906978607178,,
PTRHC.1.TRAINED,VGB,2019,14.32291984558105,,
PTRHC.1.TRAINED,VGB,2020,12.45413017272949,,
PTRHC.1.TRAINED,VGB,2021,10.83528995513916,,
PTRHC.1.TRAINED,VGB,2022,14.97202968597412,,
PTRHC.1.TRAINED,VNM,2019,21.87440406087194,,
PTRHC.1.TRAINED,VNM,2020,23.14648754845219,,
PTRHC.1.TRAINED,VNM,2021,33.20178621475682,,
PTRHC.1.TRAINED,VNM,2022,32.2335843901072,,
PTRHC.1.TRAINED,VNM,2023,29.2816780276486,,
PTRHC.1.TRAINED,VUT,2021,27.4384593963623,,
PTRHC.1.TRAINED,VUT,2022,26.20399628252788,,
PTRHC.1.TRAINED,WB: Africa Eastern and Southern,2019,53.94181060791016,UIS_EST,
PTRHC.1.TRAINED,WB: Africa Eastern and Southern,2020,56.18310928344727,UIS_EST,
PTRHC.1.TRAINED,WB: Africa Western and Central,2019,52.00942993164063,UIS_EST,
PTRHC.1.TRAINED,WB: Africa Western and Central,2020,51.49840927124023,UIS_EST,
PTRHC.1.TRAINED,WB: Africa Western and Central,2021,52.2471809387207,UIS_EST,
PTRHC.1.TRAINED,WB: Africa Western and Central,2022,53.22972106933594,UIS_EST,
PTRHC.1.TRAINED,WB: Arab World,2019,24.84423065185547,UIS_EST,
PTRHC.1.TRAINED,WB: Arab World,2020,25.74621963500977,UIS_EST,
PTRHC.1.TRAINED,WB: Arab World,2021,25.61597061157227,UIS_EST,
PTRHC.1.TRAINED,WB: Arab World,2022,26.0006103515625,UIS_EST,
PTRHC.1.TRAINED,WB: Arab World,2023,26.17572021484375,UIS_EST,
PTRHC.1.TRAINED,WB: Caribbean small states,2019,20.53897094726563,UIS_EST,
PTRHC.1.TRAINED,WB: Caribbean small states,2020,20.04120063781738,,
PTRHC.1.TRAINED,WB: Caribbean small states,2021,20.1947193145752,UIS_EST,
PTRHC.1.TRAINED,WB: Caribbean small states,2022,19.40242958068848,,
PTRHC.1.TRAINED,WB: Caribbean small states,2023,17.65805053710938,,
PTRHC.1.TRAINED,WB: Central Europe and the Baltics,2019,12.18194007873535,UIS_EST,
PTRHC.1.TRAINED,WB: Central Europe and the Baltics,2020,13.42908000946045,UIS_EST,
PTRHC.1.TRAINED,WB: Early-demographic dividend,2019,32.4769287109375,UIS_EST,
PTRHC.1.TRAINED,WB: Early-demographic dividend,2020,31.64432907104492,UIS_EST,
PTRHC.1.TRAINED,WB: Early-demographic dividend,2021,29.97829055786133,UIS_EST,
PTRHC.1.TRAINED,WB: Early-demographic dividend,2022,31.06385040283203,UIS_EST,
PTRHC.1.TRAINED,WB: Early-demographic dividend,2023,30.15829086303711,UIS_EST,
PTRHC.1.TRAINED,WB: Europe & Central Asia,2019,15.92203998565674,UIS_EST,
PTRHC.1.TRAINED,WB: Europe & Central Asia,2020,16.48983955383301,UIS_EST,
PTRHC.1.TRAINED,WB: Europe & Central Asia (IDA & IBRD),2019,18.30904960632324,UIS_EST,
PTRHC.1.TRAINED,WB: Europe & Central Asia (IDA & IBRD),2020,19.2181396484375,UIS_EST,
PTRHC.1.TRAINED,WB: Europe & Central Asia (IDA & IBRD),2021,19.5055103302002,UIS_EST,
PTRHC.1.TRAINED,WB: Europe & Central Asia (IDA & IBRD),2022,19.81254005432129,UIS_EST,
PTRHC.1.TRAINED,WB: Europe & Central Asia (IDA & IBRD),2023,19.7881908416748,UIS_EST,
PTRHC.1.TRAINED,WB: Europe & Central Asia (excluding high income),2019,19.53811073303223,UIS_EST,
PTRHC.1.TRAINED,WB: Europe & Central Asia (excluding high income),2020,19.23912048339844,UIS_EST,
PTRHC.1.TRAINED,WB: Europe & Central Asia (excluding high income),2021,19.30537033081055,UIS_EST,
PTRHC.1.TRAINED,WB: Europe & Central Asia (excluding high income),2022,19.58374977111816,UIS_EST,
PTRHC.1.TRAINED,WB: Europe & Central Asia (excluding high income),2023,19.6823902130127,UIS_EST,
PTRHC.1.TRAINED,WB: FY23 IDA & IBRD countries classified as fragile situations,2019,44.40779876708984,UIS_EST,
PTRHC.1.TRAINED,WB: FY23 IDA & IBRD countries classified as fragile situations,2022,48.80778884887695,UIS_EST,
PTRHC.1.TRAINED,WB: FY23 IDA & IBRD countries classified as fragile situations,2023,52.67366027832031,UIS_EST,
PTRHC.1.TRAINED,WB: FY23 IDA countries classified as fragile situations,2019,49.08626174926758,UIS_EST,
PTRHC.1.TRAINED,WB: FY23 IDA countries classified as fragile situations,2021,49.46797180175781,UIS_EST,
PTRHC.1.TRAINED,WB: Fragile and conflict affected situations,2019,44.2659912109375,UIS_EST,
PTRHC.1.TRAINED,WB: Fragile and conflict affected situations,2022,48.58895111083984,UIS_EST,
PTRHC.1.TRAINED,WB: Fragile and conflict affected situations,2023,52.39471817016602,UIS_EST,
PTRHC.1.TRAINED,WB: Global Partnership for Education (July 2019),2019,47.56074142456055,UIS_EST,
PTRHC.1.TRAINED,WB: Global Partnership for Education (July 2019),2020,48.5018310546875,UIS_EST,
PTRHC.1.TRAINED,WB: Global Partnership for Education (July 2019),2021,49.06766891479492,UIS_EST,
PTRHC.1.TRAINED,WB: Heavily Indebted Poor Countries (HIPC),2019,53.6739616394043,UIS_EST,
PTRHC.1.TRAINED,WB: Heavily Indebted Poor Countries (HIPC),2020,54.85317993164063,UIS_EST,
PTRHC.1.TRAINED,WB: Heavily Indebted Poor Countries (HIPC),2021,53.60208892822266,UIS_EST,
PTRHC.1.TRAINED,WB: Heavily Indebted Poor Countries (HIPC),2022,59.04761123657227,UIS_EST,
PTRHC.1.TRAINED,WB: Heavily Indebted Poor Countries (HIPC),2023,65.93524169921875,UIS_EST,
PTRHC.1.TRAINED,WB: High income (July 2024),2019,14.77470970153809,UIS_EST,
PTRHC.1.TRAINED,WB: High income (July 2024),2020,14.99831008911133,UIS_EST,
PTRHC.1.TRAINED,WB: High income (July 2024),2021,14.70821952819824,UIS_EST,
PTRHC.1.TRAINED,WB: High income (July 2024),2022,14.67310047149658,UIS_EST,
PTRHC.1.TRAINED,WB: High income (July 2024),2023,14.81595993041992,UIS_EST,
PTRHC.1.TRAINED,WB: IBRD only,2019,23.19146919250488,UIS_EST,
PTRHC.1.TRAINED,WB: IBRD only,2020,22.89435958862305,UIS_EST,
PTRHC.1.TRAINED,WB: IBRD only,2021,22.45922088623047,UIS_EST,
PTRHC.1.TRAINED,WB: IBRD only,2022,23.07566070556641,UIS_EST,
PTRHC.1.TRAINED,WB: IDA & IBRD total,2019,28.85047912597656,UIS_EST,
PTRHC.1.TRAINED,WB: IDA & IBRD total,2020,28.71355056762695,UIS_EST,
PTRHC.1.TRAINED,WB: IDA & IBRD total,2021,28.22421073913574,UIS_EST,
PTRHC.1.TRAINED,WB: IDA & IBRD total,2022,29.1427001953125,UIS_EST,
PTRHC.1.TRAINED,WB: IDA blend,2019,50.96292877197266,UIS_EST,
PTRHC.1.TRAINED,WB: IDA blend,2020,51.90481185913086,UIS_EST,
PTRHC.1.TRAINED,WB: IDA only,2019,48.71516036987305,UIS_EST,
PTRHC.1.TRAINED,WB: IDA only,2020,49.51713180541992,UIS_EST,
PTRHC.1.TRAINED,WB: IDA only,2021,48.64297866821289,UIS_EST,
PTRHC.1.TRAINED,WB: IDA only,2022,52.5985107421875,UIS_EST,
PTRHC.1.TRAINED,WB: IDA total,2019,49.36431121826172,UIS_EST,
PTRHC.1.TRAINED,WB: IDA total,2020,50.20581817626953,UIS_EST,
PTRHC.1.TRAINED,WB: IDA total,2021,49.66695022583008,UIS_EST,
PTRHC.1.TRAINED,WB: Latin America & Caribbean,2019,24.26115989685059,UIS_EST,
PTRHC.1.TRAINED,WB: Latin America & Caribbean,2020,23.93269920349121,,
PTRHC.1.TRAINED,WB: Latin America & Caribbean,2021,23.62927055358887,,
PTRHC.1.TRAINED,WB: Latin America & Caribbean,2022,23.80929946899414,UIS_EST,
PTRHC.1.TRAINED,WB: Latin America & Caribbean,2023,24.0104808807373,UIS_EST,
PTRHC.1.TRAINED,WB: Latin America & Caribbean (IDA & IBRD),2019,24.8274097442627,UIS_EST,
PTRHC.1.TRAINED,WB: Latin America & Caribbean (IDA & IBRD),2020,24.52672004699707,,
PTRHC.1.TRAINED,WB: Latin America & Caribbean (IDA & IBRD),2021,24.24987030029297,,
PTRHC.1.TRAINED,WB: Latin America & Caribbean (IDA & IBRD),2022,24.47113037109375,UIS_EST,
PTRHC.1.TRAINED,WB: Latin America & Caribbean (excluding high income),2019,25.40283012390137,,
PTRHC.1.TRAINED,WB: Latin America & Caribbean (excluding high income),2020,25.07784080505371,,
PTRHC.1.TRAINED,WB: Latin America & Caribbean (excluding high income),2021,24.7121696472168,,
PTRHC.1.TRAINED,WB: Latin America & Caribbean (excluding high income),2022,24.96876907348633,UIS_EST,
PTRHC.1.TRAINED,WB: Least developed countries: UN classification,2019,50.95273971557617,UIS_EST,
PTRHC.1.TRAINED,WB: Least developed countries: UN classification,2020,52.097900390625,UIS_EST,
PTRHC.1.TRAINED,WB: Least developed countries: UN classification,2021,50.74554061889648,UIS_EST,
PTRHC.1.TRAINED,WB: Low & middle income (July 2024),2019,29.16377067565918,UIS_EST,
PTRHC.1.TRAINED,WB: Low & middle income (July 2024),2020,28.91334915161133,UIS_EST,
PTRHC.1.TRAINED,WB: Low & middle income (July 2024),2021,28.39878082275391,UIS_EST,
PTRHC.1.TRAINED,WB: Low & middle income (July 2024),2022,29.33115005493164,UIS_EST,
PTRHC.1.TRAINED,WB: Low income (July 2024),2019,53.42116165161133,UIS_EST,
PTRHC.1.TRAINED,WB: Low income (July 2024),2020,55.49174118041992,UIS_EST,
PTRHC.1.TRAINED,WB: Low income (July 2024),2021,53.25640106201172,UIS_EST,
PTRHC.1.TRAINED,WB: Low income (July 2024),2022,60.96139144897461,UIS_EST,
PTRHC.1.TRAINED,WB: Low income (July 2024),2023,69.37017822265625,UIS_EST,
PTRHC.1.TRAINED,WB: Lower middle income (July 2024),2019,38.51971817016602,,
PTRHC.1.TRAINED,WB: Lower middle income (July 2024),2020,37.23722076416016,,
PTRHC.1.TRAINED,WB: Lower middle income (July 2024),2021,35.33945846557617,,
PTRHC.1.TRAINED,WB: Lower middle income (July 2024),2022,36.63557052612305,UIS_EST,
PTRHC.1.TRAINED,WB: Lower middle income (July 2024),2023,35.11040878295898,UIS_EST,
PTRHC.1.TRAINED,WB: Middle East & North Africa,2019,25.2108097076416,UIS_EST,
PTRHC.1.TRAINED,WB: Middle East & North Africa,2020,26.50131988525391,UIS_EST,
PTRHC.1.TRAINED,WB: Middle East & North Africa,2021,26.34457969665527,UIS_EST,
PTRHC.1.TRAINED,WB: Middle East & North Africa,2022,26.66744995117188,UIS_EST,
PTRHC.1.TRAINED,WB: Middle East & North Africa,2023,26.876220703125,UIS_EST,
PTRHC.1.TRAINED,WB: Middle East & North Africa (IDA & IBRD),2019,28.17325973510742,UIS_EST,
PTRHC.1.TRAINED,WB: Middle East & North Africa (IDA & IBRD),2020,30.13213920593262,UIS_EST,
PTRHC.1.TRAINED,WB: Middle East & North Africa (IDA & IBRD),2021,29.68671989440918,UIS_EST,
PTRHC.1.TRAINED,WB: Middle East & North Africa (IDA & IBRD),2022,30.04298973083496,UIS_EST,
PTRHC.1.TRAINED,WB: Middle East & North Africa (IDA & IBRD),2023,30.02766036987305,UIS_EST,
PTRHC.1.TRAINED,WB: Middle East & North Africa (excluding high income),2019,28.10799980163574,UIS_EST,
PTRHC.1.TRAINED,WB: Middle East & North Africa (excluding high income),2020,30.00897979736328,UIS_EST,
PTRHC.1.TRAINED,WB: Middle East & North Africa (excluding high income),2021,29.57019996643066,UIS_EST,
PTRHC.1.TRAINED,WB: Middle East & North Africa (excluding high income),2022,29.91192054748535,UIS_EST,
PTRHC.1.TRAINED,WB: Middle East & North Africa (excluding high income),2023,29.88944053649902,UIS_EST,
PTRHC.1.TRAINED,WB: Middle income (July 2024),2019,26.81874084472656,UIS_EST,
PTRHC.1.TRAINED,WB: Middle income (July 2024),2020,26.43224906921387,UIS_EST,
PTRHC.1.TRAINED,WB: Middle income (July 2024),2021,26.01655960083008,UIS_EST,
PTRHC.1.TRAINED,WB: Middle income (July 2024),2022,26.62778091430664,UIS_EST,
PTRHC.1.TRAINED,WB: North America,2019,14.08378028869629,,
PTRHC.1.TRAINED,WB: North America,2020,13.9909496307373,,
PTRHC.1.TRAINED,WB: North America,2021,13.22552013397217,,
PTRHC.1.TRAINED,WB: North America,2022,12.94458961486816,,
PTRHC.1.TRAINED,WB: North America,2023,13.14089012145996,UIS_EST,
PTRHC.1.TRAINED,WB: OECD members,2019,15.96319007873535,UIS_EST,
PTRHC.1.TRAINED,WB: OECD members,2020,16.15114974975586,UIS_EST,
PTRHC.1.TRAINED,WB: OECD members,2021,15.79185962677002,UIS_EST,
PTRHC.1.TRAINED,WB: OECD members,2022,15.65762996673584,UIS_EST,
PTRHC.1.TRAINED,WB: OECD members,2023,15.69425964355469,UIS_EST,
PTRHC.1.TRAINED,WB: Other small states,2019,28.35524940490723,UIS_EST,
PTRHC.1.TRAINED,WB: Other small states,2020,28.54784965515137,UIS_EST,
PTRHC.1.TRAINED,WB: Other small states,2021,28.65769004821777,UIS_EST,
PTRHC.1.TRAINED,WB: Other small states,2022,28.5228099822998,UIS_EST,
PTRHC.1.TRAINED,WB: Pacific island small states,2019,26.05178070068359,,
PTRHC.1.TRAINED,WB: Pacific island small states,2020,26.72900009155273,UIS_EST,
PTRHC.1.TRAINED,WB: Pacific island small states,2021,26.83725929260254,UIS_EST,
PTRHC.1.TRAINED,WB: Post-demographic dividend,2019,14.52978992462158,UIS_EST,
PTRHC.1.TRAINED,WB: Post-demographic dividend,2020,14.58040046691895,UIS_EST,
PTRHC.1.TRAINED,WB: Post-demographic dividend,2021,14.1065502166748,UIS_EST,
PTRHC.1.TRAINED,WB: Post-demographic dividend,2022,13.99042987823486,UIS_EST,
PTRHC.1.TRAINED,WB: Post-demographic dividend,2023,14.06690979003906,UIS_EST,
PTRHC.1.TRAINED,WB: Pre-demographic dividend,2019,49.17786026000977,UIS_EST,
PTRHC.1.TRAINED,WB: Pre-demographic dividend,2020,50.56821823120117,UIS_EST,
PTRHC.1.TRAINED,WB: Pre-demographic dividend,2021,50.12662124633789,UIS_EST,
PTRHC.1.TRAINED,WB: Small states,2019,26.77779006958008,UIS_EST,
PTRHC.1.TRAINED,WB: Small states,2020,26.88316917419434,UIS_EST,
PTRHC.1.TRAINED,WB: Small states,2021,27.04557037353516,UIS_EST,
PTRHC.1.TRAINED,WB: Small states,2022,26.81563949584961,UIS_EST,
PTRHC.1.TRAINED,WB: Small states,2023,26.75247001647949,UIS_EST,
PTRHC.1.TRAINED,WB: South Asia,2019,41.09843063354492,,
PTRHC.1.TRAINED,WB: South Asia,2020,37.87810897827148,,
PTRHC.1.TRAINED,WB: South Asia,2021,33.68186187744141,,
PTRHC.1.TRAINED,WB: South Asia,2022,35.68429946899414,,
PTRHC.1.TRAINED,WB: South Asia,2023,32.82049179077148,,
PTRHC.1.TRAINED,WB: South Asia (IDA & IBRD),2019,41.09843063354492,,
PTRHC.1.TRAINED,WB: South Asia (IDA & IBRD),2020,37.87810897827148,,
PTRHC.1.TRAINED,WB: South Asia (IDA & IBRD),2021,33.68186187744141,,
PTRHC.1.TRAINED,WB: South Asia (IDA & IBRD),2022,35.68429946899414,,
PTRHC.1.TRAINED,WB: South Asia (IDA & IBRD),2023,32.82049179077148,,
PTRHC.1.TRAINED,WB: Sub-Saharan Africa,2019,53.21633911132813,UIS_EST,
PTRHC.1.TRAINED,WB: Sub-Saharan Africa,2020,54.36711883544922,UIS_EST,
PTRHC.1.TRAINED,WB: Sub-Saharan Africa,2021,53.49317932128906,UIS_EST,
PTRHC.1.TRAINED,WB: Sub-Saharan Africa,2022,57.69549942016602,UIS_EST,
PTRHC.1.TRAINED,WB: Sub-Saharan Africa (IDA & IBRD),2019,53.21633911132813,UIS_EST,
PTRHC.1.TRAINED,WB: Sub-Saharan Africa (IDA & IBRD),2020,54.36711883544922,UIS_EST,
PTRHC.1.TRAINED,WB: Sub-Saharan Africa (IDA & IBRD),2021,53.49317932128906,UIS_EST,
PTRHC.1.TRAINED,WB: Sub-Saharan Africa (IDA & IBRD),2022,57.69549942016602,UIS_EST,
PTRHC.1.TRAINED,WB: Sub-Saharan Africa (excluding high income),2019,53.22193145751953,UIS_EST,
PTRHC.1.TRAINED,WB: Sub-Saharan Africa (excluding high income),2020,54.37247085571289,UIS_EST,
PTRHC.1.TRAINED,WB: Sub-Saharan Africa (excluding high income),2021,53.49721145629883,UIS_EST,
PTRHC.1.TRAINED,WB: Sub-Saharan Africa (excluding high income),2022,57.69908142089844,UIS_EST,
PTRHC.1.TRAINED,WB: World,2019,26.20793914794922,UIS_EST,
PTRHC.1.TRAINED,WB: World,2020,26.16169929504395,UIS_EST,
PTRHC.1.TRAINED,WB: World,2021,25.7108097076416,UIS_EST,
PTRHC.1.TRAINED,WB: World,2022,26.42350959777832,UIS_EST,
PTRHC.1.TRAINED,WB: World,2023,26.47361946105957,UIS_EST,
PTRHC.1.TRAINED,ZWE,2019,38.1538082798802,,
PTRHC.1.TRAINED,ZWE,2020,38.64182320070019,,
PTRHC.1.TRAINED,ZWE,2021,37.04318550602425,,
PTRHC.1.TRAINED,ZWE,2022,35.90482696366054,,
PTRHC.1.TRAINED,ZWE,2023,35.04826497673977,,