Type,Job Title,Company Name,Full Job Description,Source Platform,URL,Date Collected
Real,Market Intelligence Analyst,Henkel,"Join Henkel‚Äôs Global Business Solution (GBS+) in Cairo to analyze market, customer, and sales data. Requires 1‚Äì2 years‚Äô experience, Excel & Power BI skills. Hybrid work.",Linkedin,job,23-06-2025
Real,Business Research - Research Analyst,Infomenio,"
You will be joining one of our teams and working from the office you've applied to. This is a client-facing role in which you will work closely with clients to answer their business questions through the delivery of outstanding quality research based on credible sources and solid research methodologies. The subjects you will be working on will be rarely the same. You will be challenged in this role, but also supported, by your managers, Professional Development Coach, and peers, to grow and acquire the skills you need to reach your professional potential.",Linkedin,https://www.linkedin.com/jobs/view/4249622084,month ago
Real,Brand Activation Assistant Analyst (ABM),Pepsico,"Support the Senior Brand Manager in executing marketing strategies, managing brand campaigns, packaging, and product development. Responsibilities include coordinating with agencies, analyzing market trends, and leading end-to-end brand projects. Requires 1‚Äì2 years of marketing experience, strong collaboration and project management skills, and fluency in English.",Linkedin,https://www.linkedin.com/jobs/view/4255180517,23-06-2025
Real,Marketing Intern,EMEA,"SmartBuyGlasses Optical Group seeks a full-time SEM and Display Marketing Intern with a degree in marketing, business or similar, analytical skills, and English proficiency. You will support campaign management, reporting, and strategy across global markets. We offer remote work, flexible holidays, direct exposure to founders, monthly bonuses, and career acceleration.",Linkedin,https://www.linkedin.com/jobs/view/4255764181/?alternateChannel=search&refId=Dqf10HrX%2BoWxWo4DpPwFEQ%3D%3D&trackingId=2Gw6C95dC0AynS%2BFn5dH%2FQ%3D%3D&trk=d_flagship3_search_srp_jobs&lipi=urn%3Ali%3Apage%3Ad_flagship3_search_srp_jobs%3BVZ%2B2mazdRTarjGQ0miaB5w%3D%3D,24-06-2025
Real,Marekting Analyst,Agoda,"Agoda is a leading global online travel platform, and this role, based in Bangkok, Thailand, is within their high-performing Performance Marketing Team. The position focuses on driving and optimizing digital marketing campaigns across major platforms like Google, Facebook, Bing, and Instagram. It involves designing and running experiments on text ads, bidding strategies, and campaign structures, as well as analyzing large datasets to develop optimization models and build performance dashboards. The ideal candidate has a strong quantitative background‚Äîsuch as in computer science, engineering, or statistics‚Äîand proficiency in tools like Python, SQL, R, or Tableau. Strong analytical skills, fluency in English, and curiosity are essential. Experience in digital marketing or academic research is a plus. Agoda offers a dynamic, diverse work culture and a generous relocation package to support international hires.",Linkedin,https://www.linkedin.com/jobs/view/4145428871,week ago
Real,Cyber Threat Intelligence Analyst (CERT),CMA CGM,"We are looking for a Cyber Threat Intelligence (CTI) Analyst profile to watch and understand the threats that can affect our industry and organization, anticipate future threats, and create threat intelligence-driven products.The Cyber Threat Intelligence Analyst reports to the CTI Lead.",Linkedin,https://www.linkedin.com/jobs/view/4242853577,3 weeks ago
Real,Math Teacher,Armenian Evangelical College,"This is a contract Math Teacher role located on-site in Kantari at Armenian Evangelical College for Gr.6-7-8-9. The Math Teacher will be responsible for creating lesson plans, teaching mathematics, implementing qualified teaching methods, developing mathematics education curriculum, and ensuring student success.",Linkedin,https://www.linkedin.com/jobs/view/4254338865,yesterday
Real,Customer Service Representative,The Flex,"As our Client Success Partner, you‚Äôll be the friendly face and trusted voice for our customers. Your job is to create exceptional experiences, solve problems with empathy and speed, and build strong, lasting relationships. You‚Äôll work closely with both customers and internal teams to make sure everything runs smoothly from first contact to long-term satisfaction.",Linkedin,https://www.linkedin.com/jobs/view/4257422563,23 hours ago
Real,Senior AI Consultant,APGAR,"As a senior AI Consultant, you will be responsible for designing and implementing AI solutions that drive business value. You will lead AI project development, provide strategic recommendations, and ensure successful deployment using DevOps/MLOps practices. You will collaborate with cross-functional teams to integrate AI models into scalable production environments, ensuring the reliability, performance, and security of AI-driven applications.",Linkedin,https://www.linkedin.com/jobs/view/4247924283,2 weeks ago
Real,Data Analyst,Javvy Coffee,"We are looking for an Expert Data Analyst to manage our data instrumentation, ensure seamless data ingestion, and create insightful dashboards using Amplitude. The ideal candidate will be adept at identifying unusual data patterns that could signal underlying issues and will be responsible for integrating data from secondary marketplaces like Amazon and Walmart into our analysis framework.",Linkedin,https://www.linkedin.com/jobs/view/4255575912,1 day ago
Real,Board Certified Behavior Analyst (BCBA),Tilly Partners,Full job description,Indeed,https://www.indeed.com/jobs?q=remote+work+from+home&l=South+Bend%2C+IN&from=searchOnHP%2CsearchSuggestions%2CwhatautocompleteSourceStandard%2Cwhereautocomplete&vjk=db544b513f69f89c,"June 24, 2025"
Real,,,"Private practice creation: If you don‚Äôt already own a practice, we‚Äôll help you get started quickly and efficiently.",,,
Real,,,"Full software suite including Practice Management, Scheduling, Data collection, Electronic Health Records, Billing, Digital Onboarding, and Mobile Applications for your clients and your RBTs.",,,
Real,,,Broad market access ‚Äì we're in-network with 100+ insurance providers ranging from large commercial payers to local health plans.,,,
Real,,,Get paid up front for every patient session ‚Äì no waiting on insurance approvals or worrying about claim denials.,,,
Real,,,"Payroll facilitation: We take payroll off your plate ‚Äì if you want. Our streamlined system ensures that your staff are paid accurately and on time, every time.",,,
Real,,,Your role:,,,
Real,,,"Create and manage your own company: Choose your hours, select your clients, and define your care delivery methods. We celebrate individuality and empower you to tailor your practice.",,,
Real,,,Hiring your RBTs: Recruit and lead your team of RBTs. We trust your judgment in hiring professionals who share your dedication to quality care.,,,
Real,,,Providing care to your patients: At the heart of it all is your role in providing exceptional care. Make a real difference in the lives of those affected by autism.,,,
Real,,,Use the apply button to schedule an introductory call with us!,,,
Real,,,Tilly - Empowering providers to deliver life-changing care on their terms,,,
Real,,,#CL123,,,
Real,,,Job Type: Contract,,,
Real,,,"Pay: Up to $150,000.00 per year",,,
Real,,,Benefits:,,,
Real,,,Flexible schedule,,,
Real,,,Referral program,,,
Real,,,Schedule:,,,
Real,,,Choose your own hours,,,
Real,,,Work Location: Remote,,,
Real,Data Scientist - AI Trainer,DataAnnotation,Job details,Indeed,https://www.indeed.com/jobs?q=remote+work+from+home&l=South+Bend%2C+IN&from=searchOnHP%2CsearchSuggestions%2CwhatautocompleteSourceStandard%2Cwhereautocomplete&vjk=8dc224ad4acf6cd4&advn=7831672186689475,"June 24, 2025"
Real,,,Pay,,,
Real,,,From $40 an hour,,,
Real,,,Job type,,,
Real,,,Contract,,,
Real,,,Shift and schedule,,,
Real,,,Choose your own hours,,,
Real,,,&nbsp;,,,
Real,,,Benefits,,,
Real,,,Pulled from the full job description,,,
Real,,,Flexible schedule,,,
Real,,,&nbsp;,,,
Real,,,Full job description,,,
Real,,,"We are looking for proficient programmers to join our team to train our AI chatbots to code. You will work with the chatbots that we are building in order to measure their progress, as well as write and evaluate code.",,,
Real,,,"To apply to this role, you will need to be proficient in either Python and/or JavaScript. Your role will require proficiency in at least one programming language/framework (JavaScript, TypeScript, Python, C, C#, C++, HTML/CSS, React, Go, Java, Kotlin, SQL, or Swift) in order to solve coding problems (think LeetCode, HackerRank, etc). For each coding problem, you must be able to explain how your solution solves the problem.",,,
Real,,,"As part of the application process, you will be asked to complete an assessment. If you pass, you will gain access to projects. Based on the quality of your work, you will continue to receive projects regularly. We find our most successful candidates work between 5-20 hours per week, up to 40 hours.",,,
Real,,,Benefits:,,,
Real,,,This is a full-time or part-time REMOTE position,,,
Real,,,You‚Äôll be able to choose which projects you want to work on,,,
Real,,,You can work on your own schedule,,,
Real,,,"Projects are paid hourly, with bonuses on high-quality and high-volume work",,,
Real,,,Responsibilities:,,,
Real,,,Come up with diverse problems and solutions for a coding chatbot,,,
Real,,,Write high-quality answers and code snippets,,,
Real,,,Evaluate code quality produced by AI models for correctness and performance,,,
Real,,,Qualifications:,,,
Real,,,Fluency in English,,,
Real,,,Proficient in either Python and/or JavaScript,,,
Real,,,Detail-oriented,,,
Real,,,Excellent writing and grammar skills,,,
Real,,,A bachelor's degree (completed or in progress),,,
Real,,,"Note: Payment is made via PayPal. We will never ask for any money from you. PayPal will handle any currency conversions from USD. This job is only available to those in the US, UK, Canada, Australia, or New Zealand. Those located outside of these countries will not see work or assessments available on our site at this time.",,,
Real,,,#INDUSSD,,,
Real,,,Job Type: Contract,,,
Real,,,Pay: From $40.00 per hour,,,
Real,,,Benefits:,,,
Real,,,Flexible schedule,,,
Real,,,Compensation Package:,,,
Real,,,Bonus opportunities,,,
Real,,,Schedule:,,,
Real,,,Choose your own hours,,,
Real,,,Work Location: Remote,,,
Real,Sr Data Scientist,Health Care Service Corporation,Job details,Indeed,https://www.indeed.com/jobs?q=data+scientist&l=Chicago%2C+IL&from=searchOnHP%2Cwhatautocomplete%2CwhatautocompleteSourceStandard%2Cwhereautocomplete&vjk=983fdff5eec8940a,"June 24, 2025"
Real,,,Here‚Äôs how the job details align with your profile.,,,
Real,,,Pay,,,
Real,,,"$90,900 - $164,200 a year",,,
Real,,,Job type,,,
Real,,,Full-time,,,
Real,,,&nbsp;,,,
Real,,,Full job description,,,
Real,,,"At HCSC, our employees are the cornerstone of our business and the foundation to our success. We empower employees with curated development plans that foster growth and promote rewarding, fulfilling careers.",,,
Real,,,Join HCSC and be part of a purpose-driven company that will invest in your professional development.,,,
Real,,,"This position is responsible for providing advanced mathematical and statistical methods to solve business problems, with minimal direction from leadership. Senior data scientists collect, integrate and analyze data from sources related to health status and outcomes for our members, characteristics of health care providers, internal business processes, and other domains. Senior data scientists perform complex statistical analysis on experimental or business data to validate and quantify trends or patterns identified by business analysts. Senior data scientists select and adapt machine learning and probabilistic modeling methods to construct predictive algorithms to support data analysis or product functions. They verify model and algorithm effectiveness based on real-world results. Senior data scientists design experiments and methodologies to generate and collect data for business use. Senior data scientists create visualizations, interactive analytical applications and interpretive artifacts to support business application of data science findings. Senior data scientists represent the perspective of the data science team on cross-functional teams and contribute to consequential decisions. NOTE: This hybrid role (3 days in office) can be in CHICAGO IL or RICHARDSON TX",,,
Real,,,Required Job Qualifications:,,,
Real,,,"Bachelor‚Äôs degree and 3 years of work experience in a mathematical, statistical, computer science, engineering, physics, economics or related quantitative field; OR Actuarial credential; OR Master‚Äôs degree and 2 years of work experience in a mathematical, statistical, computer science, engineering, physics, economics or related quantitative field; OR Ph.D. in a mathematical, statistical, computer science, engineering, physics, economics or related quantitative field; OR 7 years experience in a mathematical, statistical, computer science, engineering, physics, economics or related quantitative field.",,,
Real,,,Strong learning and growth mindset,,,
Real,,,Customer focus,,,
Real,,,"Strong interpersonal, verbal and written communication skills.",,,
Real,,,Proficiency in at least four of the following six areas: 1) data analysis and relational-style query languages; 2) machine learning and/or statistical modeling; 3) data visualization; 4) a high-level programming language; 5) distributed computing; 6) understanding of healthcare.,,,
Real,,,"Hands on experience building, deploying and maintaining NLP models in production.",,,
Real,,,Understanding of large language models and/or deep learning techniques for NLP,,,
Real,,,Preferred Job Qualifications:,,,
Real,,,"Master's or Ph.D. in a quantitative field, or bachelor's degree with significant healthcare experience.",,,
Real,,,Experience with generative AI is a bonus,,,
Real,,,#LI-MK1,,,
Real,,,#INCR,,,
Real,,,"Compensation: $90,900.00 - $164,200.00",,,
Real,,,"Exact compensation may vary based on skills, experience, and location",,,
Real,,,HCSC Employment Statement:,,,
Real,,,"We are an Equal Opportunity Employment employer dedicated to providing a welcoming environment where the unique differences of our employees are respected and valued. All qualified applicants will receive consideration for employment without regard to race, color, religion, sex, sexual orientation, gender identity, national origin, disability, protected veteran status, or any other legally protected characteristics.",,,
Real,,,"To learn more about available benefits, please click https://careers.hcsc.com/totalrewards",,,
Real,Staff Machine Learning Scientist,Tempus,Job details,Indeed,https://www.indeed.com/jobs?q=data+scientist&l=Chicago%2C+IL&radius=25&from=searchOnDesktopSerp&vjk=6d7901bb5e89c304,"June 24, 2025"
Real,,,Here‚Äôs how the job details align with your profile.,,,
Real,,,Pay,,,
Real,,,"$200,000 - $260,000 a year",,,
Real,,,Job type,,,
Real,,,Full-time,,,
Real,,,Encouraged to apply,,,
Real,,,Fair chance,,,
Real,,,&nbsp;,,,
Real,,,Benefits,,,
Real,,,Pulled from the full job description,,,
Real,,,Health insurance,,,
Real,,,RSU,,,
Real,,,&nbsp;,,,
Real,,,Full job description,,,
Real,,,Passionate about precision medicine and advancing the healthcare industry?,,,
Real,,,"Recent advancements in underlying technology have finally made it possible for AI to impact clinical care in a meaningful way. Tempus' proprietary platform connects an entire ecosystem of real-world evidence to deliver real-time, actionable insights to physicians, providing critical information about the right treatments for the right patients, at the right time.",,,
Real,,,What You‚Äôll Do:,,,
Real,,,Focus: Contribute to the design of the core architecture of LMMs and building of the infrastructure for training it at scale.,,,
Real,,,Responsibilities: You will contribute to the following activities:,,,
Real,,,"Design and definition of the architecture of the LMMs, considering different fusion strategies and modality-specific processing.",,,
Real,,,"Implement, refine, benchmark and optimize model architectures using deep learning frameworks such as PyTorch or TensorFlow.",,,
Real,,,"Develop and manage the end-to-end training pipelines, including data loading, preprocessing, and model training. Architect and deploy distributed training workflows, optimizing for performance across cloud GPU fleets.",,,
Real,,,Implement distributed training strategies to handle large-scale datasets and models.,,,
Real,,,Design and implement methods to fuse knowledge with the multimodal representations within the LMM.,,,
Real,,,Experiment with different approaches to enhance the model's understanding and reasoning abilities through knowledge integration.,,,
Real,,,"Monitor and debug training processes, identifying and resolving performance bottlenecks.",,,
Real,,,Collaborate with the knowledge integration engineer to ensure the architecture can accommodate knowledge injection mechanisms.,,,
Real,,,Skills needed:,,,
Real,,,Deep understanding of deep learning principles and architectures (especially transformers).,,,
Real,,,"Extensive experience with multimodal machine learning concepts and techniques (for example, different fusion methods for text and images). Solid understanding of optimization techniques for large-scale models.",,,
Real,,,Strong proficiency in Python and deep learning frameworks (PyTorch/TensorFlow) and model management libraries like HF Transformers.,,,
Real,,,"Experience with training large multimodal models with distributed training frameworks (for example, Horovod, MosaicML) and GPU fleet management.",,,
Real,,,"Strong understanding of knowledge representation concepts (for example, knowledge graphs, ontologies).",,,
Real,,,"Experience with distributed training frameworks and cloud computing platforms (for example, GCP, Azure).",,,
Real,,,"New York Pay Range - $220,000 - $260,000 USD",,,
Real,,,"California Pay Range - $220,000 - $260,000 USD",,,
Real,,,"Illinois Pay Range - $200,000 - $240,000 USD",,,
Real,,,"Remote - USA Range - $200,000 - $240,000 USD",,,
Real,,,"The expected salary range above is applicable if the role is performed from California and may vary for other locations (Colorado, Illinois, New York). Actual salary may vary based on qualifications and experience. Tempus offers a full range of benefits, which may include incentive compensation, restricted stock units, medical and other benefits depending on the position.",,,
Real,,,"Additionally, for remote roles open to individuals in unincorporated Los Angeles ‚Äì including remote roles- Tempus reasonably believes that criminal history may have a direct, adverse and negative relationship on the following job duties, potentially resulting in the withdrawal of the conditional offer of employment: engaging positively with customers and other employees; accessing confidential information, including intellectual property, trade secrets, and protected health information; and appropriately handling such information in accordance with legal and ethical standards. Qualified applicants with arrest or conviction records will be considered for employment in accordance with applicable law, including the Los Angeles County Fair Chance Ordinance for Employers and the California Fair Chance Act.",,,
Real,,,"We are an equal opportunity employer. We do not discriminate on the basis of race, religion, color, national origin, gender, sexual orientation, age, marital status, veteran status, or disability status.",,,
Real,,,About Us,,,
Real,,,"Tempus was founded in August of 2015 by Eric Lefkofsky, after his wife was diagnosed with Breast Cancer. Shortly after he founded the company in an effort to bring the power of technology and artificial intelligence to cancer care, he convinced Ryan Fukushima to join as the company‚Äôs first employee. Ryan and Eric began assembling a world class team, focused on building the first version of a platform capable of ingesting real time healthcare data in an effort to personalize diagnostics.",,,
Real,,,"We built the platform for oncology and have expanded it to neuropsychiatry, cardiology, infectious disease (through COVID), and radiology. Despite our rapid growth, our mission remains the same‚Äîto help make sure patients are on the right drug at the right time, so they can live longer and healthier lives.",,,
Real,,,Why Work Here?,,,
Real,,,We‚Äôre looking for people who can change the world.,,,
Real,,,Who question the status quo and don‚Äôt shy away from tough problems. For the builders who are never done building and the learners who are never done learning. We‚Äôre looking for passionate people with undying curiosity. Those who want to attack one of the most challenging problems mankind has ever faced. Head on.,,,
Real,AI Architect,Sinclair community college,Job details,Indeed,https://www.indeed.com/jobs?q=ai&l=&radius=25&from=searchOnDesktopSerp%2Cwhatautocomplete%2CwhatautocompleteSourceStandard&cf-turnstile-response=0.G-78Uzuy3KrbvjUhs-tzprlsRo0lzcUXyIsKNnBhqog9tdjItj0A0RrMhQZfBQPGtDygsovz4oV4a-SyxxH_zWCf2oKseQQJwiIxLM-WoM2M_G-HOSus4tjroi38Q4FMh9tYiqLh4AvxNWJJkFVPupi0kdLDTOul6T19vkMwzQP5_-U1JIo5Gan8c-W3FYsCwLhEBpQqs5HmOeHzGV90tVZYTY8M2aVJOB6N10lRNSLqfEGShzhRI0cCOGSld3NtKdMZVjCzxrHfPUPkzIlO8wK9CyBzw3X-TUEUL_JXxaSx-Un5FDaRUbe3wd70fYe_DWuXGq14lkACNifn6VHgb2p8MwyWyC32Z5bE1V4rWfpfrmKZUFcfpMYcpYiee3DdZytKc5hQL2wdU02jQEfxpWhlXRTPiAYp4k5PGNp0s6SKNCRb6B695nNm9yBihC7qjOVq_Y0zj_cnd1P5YwiLPak0DantAJg7cGIrfWNbV98ClvUEI049UYeGw1JHyDKVOEnVqpkeXSd6-cS4s9tz7YJ1tU8LtBn4msphzqSxw0EbcqjAwzg0kR90RcfnWs4Yr438Ut5fzxCLw01ow7A5En6LGD_yHhaeab_0-XBEoTKw_4TGru13v3TxPpYUxPBDr5Cp3L3EUJlzVedCi_BVm-DGmp9BA_dRKPumoRweeWwwbD6bSLnaT1Zu_orfubSmklpjO4JpC9reAH1p6sN8u1453Agt1giW1NzjGYf3QFPavOHVwx6qWvJ7QG-VNdaS30XRS367uKsWB10pqvZA8YCNCDCH2MiSTGoa918qdxihV9h8-wGmrO1rmk64PPDGLhbWSX6hKzkteWYnm_uf7MumRivSGcMefUe1wlVOl1RXRUXNBLAYvw7V2jOkhVz6zrOGjyzEMwQnySLlYoKpr4CfBb9Zyz228BbIBEiyhek.wx_29TS8sbBvbT71cC5AOg.d2953e1cb01876873e65188ebdcabc97b459d61e56c921e631d616788088904e&vjk=f8db139718cb3c8b,"June 25,2025"
Real,,,Here‚Äôs how the job details align with your profile.,,,
Real,,,Pay,,,
Real,,,"$112,144 - $141,302 a year",,,
Real,,,Job type,,,
Real,,,Full-time,,,
Real,,,Shift and schedule,,,
Real,,,8 hour shift,,,
Real,,,Monday to Friday,,,
Real,,,&nbsp;,,,
Real,,,Location,,,
Real,,,Estimated commute,,,
Real,,,Add your address to estimate commute,,,
Real,,,Job address,,,
Real,,,"Dayton, OH 45402‚Ä¢Hybrid work",,,
Real,,,&nbsp;,,,
Real,,,Benefits,,,
Real,,,Pulled from the full job description,,,
Real,,,401(k),,,
Real,,,Dental insurance,,,
Real,,,Employee assistance program,,,
Real,,,Flexible spending account,,,
Real,,,Health insurance,,,
Real,,,Health savings account,,,
Real,,,Life insurance,,,
Real,,,Show more,,,
Real,,,&nbsp;,,,
Real,,,Full job description,,,
Real,,,"At Sinclair, we are guided by our Core Values, which shape our culture and drive our success:",,,
Real,,,"Accountable to our students, the community and one another.",,,
Real,,,Collaborative in working together to achieve excellence in education and service to our community.,,,
Real,,,Compassionate in fostering a supportive environment where every individual feels valued.,,,
Real,,,"Inclusive so that a college education is accessible to everyone, and all individuals feel heard, valued and respected.",,,
Real,,,Innovative to inspire creativity and drive transformative change.,,,
Real,,,*,,,
Real,,,"The AI Architect leads the design, development, and implementation of the AI strategy and solutions across the College. The AI Architect will be responsible for defining the overall architecture of AI systems, selecting appropriate technologies, ensuring scalability, security, and seamless integration with existing infrastructure. This role requires a deep understanding of AI principles, cloud computing, data architecture, and the ability to translate complex business requirements into robust and innovative AI solutions. The ideal candidate will possess strong technical leadership skills, excellent communication abilities, and a passion for driving transformative change through AI.",,,
Real,,,"The potential minimum compensation for this position begins at $112,144.00 and is determined commensurate with education and experience.",,,
Real,,,Why work for Sinclair College?,,,
Real,,,The following are some of the benefits that professional staff with Sinclair College receive:,,,
Real,,,Tuition waiver for employee and dependents for all Sinclair courses and programs,,,
Real,,,"Support for continued training and education, including tuition reimbursement for other universities and colleges",,,
Real,,,"OPERS pension participation option, with 14% employer contribution",,,
Real,,,"4+ weeks of personal and vacation leave, 3+ weeks of sick leave annually",,,
Real,,,14 days of annually observed company holidays,,,
Real,,,"Expansive and competitive insurance programs, including an HSA with annual employer contribution available",,,
Real,,,High quality programs and events for work-life balance,,,
Real,,,*SCC has the right to revise this position description at any time. This position description does not represent in any way a contract of employment.,,,
Real,,,Accountabilities:,,,
Real,,,"AI Strategy and Vision: Define and drive the organization‚Äôs AI strategy, identifying key use cases, and aligning AI initiatives with overarching business goals",,,
Real,,,"Solution Architecture: Design the end-to-end architecture of AI systems, including data ingestion, storage, processing, model development, deployment, and integration with existing IT systems and networks",,,
Real,,,"Technology Evaluation and Selection: Evaluate and select appropriate AI/ML models, platforms, tools, and infrastructure based on performance, cost, scalability, security, and compliance requirements",,,
Real,,,"Scalability and Performance Optimization: Architect AI solutions that are highly scalable, performant, reliable, and cost-effective to meet current and future business needs",,,
Real,,,"Data Architecture and Governance: Collaborate with data engineering teams to define data architectures that support AI initiatives, ensuring data quality, security, and governance.",,,
Real,,,"Security and Compliance: Design AI systems with security and compliance considerations at the forefront, adhering to relevant industry standards and regulations.",,,
Real,,,Integration and Interoperability: Ensure seamless integration of AI solutions with existing enterprise systems and data sources.,,,
Real,,,"Technical Leadership and Guidance: Provide technical leadership and guidance to data scientists, AI engineers, and other team members involved in the development and deployment of AI solutions.",,,
Real,,,"Stakeholder Communication: Effectively communicate the AI vision, strategy, and architectural blueprints to technical and non-technical stakeholders, including executive leadership.",,,
Real,,,"Research and Innovation: Stay abreast of the latest advancements in AI, machine learning, and related technologies, evaluating their potential impact and recommending innovative solutions.",,,
Real,,,"Best Practices and Standards: Define and enforce best practices, standards, and guidelines for AI development, deployment, and maintenance across the organization.",,,
Real,,,Requirements:,,,
Real,,,"Minimum of a bachelor‚Äôs degree in computer science, artificial intelligence, machine learning, data science, or a related technical field; master‚Äôs degree preferred",,,
Real,,,Extensive experience in designing and implementing complex AI and machine learning systems in enterprise environments required,,,
Real,,,"Deep understanding of various AI/ML algorithms, frameworks (e.g., TensorFlow, PyTorch, scikit-learn), and their application to different business problems required",,,
Real,,,"Strong experience with cloud computing platforms (e.g., AWS, Azure, GCP) and their AI/ML services required",,,
Real,,,Proven ability to design scalable and robust data architectures to support AI initiatives required,,,
Real,,,"Solid understanding of data security, privacy, and ethical considerations in AI required",,,
Real,,,"Excellent communication, presentation, and interpersonal skills, with the ability to articulate complex technical concepts to diverse audiences required",,,
Real,,,Strong problem-solving and analytical skills with a strategic mindset required,,,
Real,,,Demonstrated ability to provide technical leadership and influence cross-functional teams required,,,
Real,,,Experience with MLOps practices and tools for automating and managing the AI lifecycle preferred,,,
Real,,,"Familiarity with enterprise architecture frameworks (e.g., TOGAF) preferred",,,
Real,,,Experience in a relevant industry/domain and applying AI to solve industry-specific challenges preferred,,,
Real,,,Certifications in relevant cloud platforms or AI technologies preferred,,,
Real,,,"Contributions to the AI/ML community through open-source projects, publications, or presentation preferred",,,
Real,,,Job Type: Full-time,,,
Real,,,"Pay: $112,144.00 - $141,302.00 per year",,,
Real,,,Benefits:,,,
Real,,,401(k),,,
Real,,,Dental insurance,,,
Real,,,Employee assistance program,,,
Real,,,Flexible spending account,,,
Real,,,Health insurance,,,
Real,,,Health savings account,,,
Real,,,Life insurance,,,
Real,,,Paid time off,,,
Real,,,Professional development assistance,,,
Real,,,Retirement plan,,,
Real,,,Tuition reimbursement,,,
Real,,,Vision insurance,,,
Real,,,Schedule:,,,
Real,,,8 hour shift,,,
Real,,,Monday to Friday,,,
Real,,,Ability to Commute:,,,
Real,,,"Dayton, OH 45402 (Required)",,,
Real,,,"Work Location: Hybrid remote in Dayton, OH 45402",,,
Real,"Part-Time Online Math Teacher",Bilin Academy,"Role Description

This is a contract, remote role for an Online Math Teacher at Bilin Academy. The teacher's primary responsibilities include delivering coursework to students in an online virtual classroom.


Qualifications

A Bachelor's degree in Mathematics, Education, or a related field
A minimum of 2 years of K-12 teaching experience
Strong math background preferred
Ability to teach competitive math levels preferred
Demonstrated ability to implement interactive and engaging teaching methods in an online environment
Excellent communication and interpersonal skills
A strong commitment to student learning and success
An understanding and appreciation of cultural diversity in the classroom
Experience in creating learning materials and curriculum design is a plus


Responsibilities

Plan, prepare, and deliver instructional activities that facilitate active learning experiences
Provide a variety of learning materials and resources for use in educational activities
Evaluate students' performance and development
Assign and grade class work, homework, tests, and assignments
Provide appropriate feedback on work
Encourage and monitor the progress of individual students
Manage student behavior in the virtual classroom by establishing and enforcing rules and procedures


Why Join Bilin Academy?

Be part of an innovative international educational platform
Work remotely with flexible hours
Contribute to the development of multilingual global citizens


If you are passionate about teaching math and excited about the opportunity to work in a dynamic, international environment, we encourage you to apply!",LinkedIn ,https://www.linkedin.com/jobs/view/4256172526/,6/26/2025
Real,Math Teacher , MiaPrep Online High School (MOHS),"Location: 100% remote within the U.S. (any U.S. time zone)
Classification: Full-time, non-exempt employee
Salary: $31.36 - $37.95 per hour


Welcome to Miaplaza!

Our vision is to elevate online learning by applying the most successful approaches in virtual education to create an accessible and inclusive homeschool curriculum platform where all students can be successful!


MiaPrep Online High School (MOHS) is our online high school for students grades 7-12. Formed in 2022 and accredited in 2023, we‚Äôve grown from 80 students our first year to over 530 in 2025! Miaplaza‚Äôs leadership aims to continue this high-growth trajectory, with a goal of serving 10,000+ students in the next 5-10 years! üöÄ


We‚Äôre seeking a passionate and resourceful High School Math Teacher to join our team. This is a fully remote, asynchronous teaching role that emphasizes student support, feedback, and mentorship rather than live instruction. Teachers at MOHS do not create lesson plans or deliver live classes; instead, they guide students through our self-paced curriculum on MiaPrep.com, providing coaching, small-group tutoring, and in-depth feedback on summative assignments. In addition to their teaching responsibilities, all MOHS teachers also serve as Academic Advisors to a caseload of up to 30 students, building relationships and helping students meet their goals.


See an example of a Math lesson from MiaPrep!


A Day in the Role:
Grading and Feedback: Efficiently evaluate students' assignments for various subjects, such as Prealgebra, Algebra 1 & 2, Geometry, Precalculus, Calculus, Trigonometry, and Statistics, providing comprehensive feedback to aid their learning and development.
Group Tutoring: Host weekly virtual group tutoring several times per week to clarify curriculum concepts, address questions, and offer additional support for Math topics and assignments.
Academic Advising: Maintain a caseload of students for whom you will provide academic advising, including quarterly check-ins, and in some cases, targeted support plans.
Tiered Support: Identify struggling students and, together with the Student Support Specialist and Academic Counselors, proactively provide tiered support solutions to enhance their academic performance.
Parental and Student Communication: Act as the primary point of contact for both parents and students in academic matters in your subject area, ensuring a constructive channel of communication.
School Community Engagement: Actively participate in school initiatives and contribute to the creation and implementation of school-wide academic policies. Lead or contribute to an extracurricular club or activity that aligns with your expertise or passion.
Positive Culture Building: Uphold and contribute to our school's positive culture and values, both among the faculty and the student body.
Ownership: Be willing to speak up when things can be improved, and willing to step up when a need is identified or support is needed within the school community.


Schedule

MOHS Teachers are expected to have 40 hours of availability each week on a year-round basis.
Availability during school hours, Monday through Friday between 8 am and 4 pm in a U.S. timezone (ET, CT, MT, or PT) is required to hold office hours, student meetings, and other school activities.
A significant portion of the work such as grading, can be completed outside of school hours.


Requirements

Bachelor‚Äôs degree in Mathematics, Secondary Education, or related field
At least 3 years of full-time secondary teaching experience
Strong written and verbal communication skills
Ability to work independently in a remote setting
Excellent organizational and multitasking skills
Tech-savvy with an ability to learn new platforms quickly, such as gradebooks, Google Classroom, curriculum platforms, and Google Workspace
Proficiency in (or willingness to learn) responsible use of AI tools to increase efficiency in the education sector


The ideal candidate brings

Online teaching experience (nice to have but not required!)


Compensation & Benefits

The expected starting pay range is $31.36 - $37.95 per hour. Teachers at MiaPrep Online High School work an average of 40 hours per week. When working year-round, this can equate to an annual pay range of $65,228 - $78,936.
Miaplaza‚Äôs compensation philosophy ensures equity and competitiveness while considering the regional differences in living and labor costs. Specific rates will be provided during the hiring process and are aligned with market data and internal equity.
Compensation is evaluated twice per year, based on performance. MOHS Teachers‚Äô compensation is first and foremost determined by performance and impact.
Full-time employees are eligible for health, dental, and vision insurance, inclusive of specialty care options like fertility benefits, mental health services, and chiropractic care, FSA, HSA, and more.
All employees are eligible for a 401(k) retirement plan with employer match.
PTO is all-purpose time off, and combines traditional vacation and paid sick leave plans into one flexible, inclusive policy. Eligible employees can use PTO for all kinds of absences including: vacation, holidays, illness, injury, family leave, and other personal business. Full-time Employees receive 16 hours of floating holiday PTO per quarter and accumulate additional PTO at the rate of 1 hour per every 17 hours worked. Annually, this amounts to approximately 122 hours per year or 15 eight-hour days on average.
Parental leave, and other perks and benefits are also available.
We invite your family and friends to join our journey! All employees receive free site memberships and discounted MOHS tuition for the children in their household, plus two additional memberships for other children in their lives.
‚û°Ô∏è You can hear our CEO, Johannes Ziegler, discuss our company‚Äôs values and future here!
‚û°Ô∏è Learn more by visiting our careers page!


Ready to apply?

Join our team at Miaplaza! Start by submitting your application and resume. Our hiring process involves an assessment, followed by two or more interviews and a role-specific assignment.
We're building an inclusive workplace where everyone belongs. As an equal-opportunity employer and E-Verify participant, we welcome candidates from all backgrounds and experiences. We consider all qualified applicants regardless of race, color, religion, sex, orientation, gender identity, national origin, disability, veteran status, age, or arrest/conviction records in accordance with applicable laws.
Need accommodations during the application process? Simply let us know before your assessment. We'll work with you to provide any necessary adjustments, including alternate versions of the assessment or assignment based on your needs.


Links:

Miacademy: https://parents.miacademy.co/
Always Icecream: https://parents.always-icecream.com/
Clever Dragons: https://parents.clever-dragons.com/
MiaPrep: https://parents.miaprep.com/
MiaPrep Online High School: https://miaprep.com/online-school/
Hear our CEO, Johannes Ziegler, discuss our company: https://tinyurl.com/miaplaza-CEO-video/
Careers page: https://careers.miaplaza.com/


Individuals only, no recruitment agencies.",LinkedIn ,Miaplaza - Math Teacher for MiaPrep Online High School (MOHS),6/26/2025
Real,SAP Business One Consultant,Visionet Systems Inc.,"SAP Business One (B1) Consultant will be responsible for delivering SAP Business One and related solutions varying in size and complexity, across different domains (manufacturing, supply chain, sales, finance, quality, and EDI). This position will lead the initial deployment of the company data systems, ongoing optimization, and incremental functionality. Main responsibilities include gathering business requirements, conducting process mapping workshops, documenting technical specifications, SAP Business One configuration, training, testing, and deployment of the solution.


Position Responsibilities:



Define the project scope, including project plans, deliverables, RAID logs, risk mitigation, and budget.
Align deliverables, costs, and timings to the needs of the key business stakeholders‚Äô requirements, including auditing of deliverables.
Must be able to work on-site at the Company‚Äôs manufacturing facility in Litchfield, MI (3-4 days a week) and other manufacturing and R&D facilities in Ypsilanti, MI and Detroit, MI next year.
Ability to collaborate successfully with Company‚Äôs leadership team and business process owners. Focus on delivering business goals and not just SAP system implementation.
Own the change management and transition of new functionality to operations.
Interface with the ERP implementation partner and consultants to ensure that they deliver SAP and related solutions on time and within budget.
Must have the vision to implement SAP Business One across Company‚Äôs Business Systems and its integration into other mission critical systems including MES, Data Analytics, FeneVision, and other ancillary systems.
Experience with implementing SAP Business One across multi-site/multi-year manufacturing facilities while keeping system implementation cost, scalability, and user-adoption in mind.
Reporting, analyzing, and resolving issues related to the implementation, stakeholders,
and project operations that may impact service quality, ensuring that stakeholders
problems are resolved properly and quickly.
Identifying process inefficiencies and compliance issues, and implementing solutions


Position Requirements:



5+ years of hands-on SAP Business One experience with all modules including Finance, CRM, Sales, Purchasing, Master Data, Inventory, and Production Planning. Initial focus will be CRM module implementation but must be proficient in other areas of SAP B1.
Looking for a resource who is an expert on SAP B1 CRM including: Sales Tracking, Opportunities Tracking, and others.
Must have a strong background in manufacturing and supply chain operations.
5+ years system integration experience.
Demonstrated experience partnering with Business teams and Functional teams to drive business results.
Excellent verbal and written communication skills. Excellent presentation skills.
Organized and able to function successfully in a team environment.
Excellent technical, organizational, troubleshooting, problem solving, budgeting and time management skills.
Bachelor's degree in a technical or business-related field.",LinkedIn,https://www.linkedin.com/jobs/view/4256817827/,6/26/2025
Real,"Senior Data Scientist, Research, Ads Insights, Measurement",Google,"Minimum qualifications:

Master's degree in Statistics, Data Science, Mathematics, Physics, Economics, Operations Research, Engineering, or a related quantitative field.
5 years of work experience using analytics to solve product or business problems, coding (e.g., Python, R, SQL), querying databases or statistical analysis, or 3 years of work experience with a PhD degree.

Preferred qualifications:

8 years of work experience using analytics to solve product or business problems, coding (e.g., Python, R, SQL), querying databases or statistical analysis, or 6 years of work experience with a PhD degree
Experience working on applied data science problems in Ads (e.g. targeting, bidding, ranking, etc.)
Experience with Deep Learning.

About The Job

Data scientists in our team bring scientific excellence and statistical methods to bear on the challenges of advertising product creation, development and improvement with a deep, data-driven appreciation for the behaviors of the end user and the ecosystem. As a Data Scientist working on Ads Insights and Measurement, you will develop, evaluate and improve the entire range of Google's advertising products including Search, Display, Apps, TV and Video (YouTube). You will collaborate with a multi-disciplinary team of engineers, analysts and product managers to develop new science and to translate it into deployed products at scale. You will also play a key role in developing new ideas and methods that drive Ad measurement and generate business, including paradigm-shifting Ad-measurement science and products for the privacy-preserving future of digital advertising. In doing so, you will be a key part of building and driving impact on large-scale ad-systems both at Google and in the Ad-tech and mar-tech industry as a whole, globally.

You will have a broad set of technical skills who are ready to take on some of modern advertising‚Äôs greatest challenges and make an impact on the entire global ads ecosystem. You will be quantitatively trained (advanced Master's or PhD) with expertise in quantitative methodologies, and with an understanding of statistics and causal inference methods. You will be able to leverage your training and your skills to leverage data and technology to make business decisions. They will be comfortable working cross-functionally and thrive in a fluid, science-driven organization.

The US base salary range for this full-time position is $166,000-$244,000 + bonus + equity + benefits. Our salary ranges are determined by role, level, and location. Within the range, individual pay is determined by work location and additional factors, including job-related skills, experience, and relevant education or training. Your recruiter can share more about the specific salary range for your preferred location during the hiring process.

Please note that the compensation details listed in US role postings reflect the base salary only, and do not include bonus, equity, or benefits. Learn more about benefits at Google .

Responsibilities

Collaborate with stakeholders in cross-projects and team settings to identify and clarify business or product questions to answer. Provide feedback to translate and refine business questions into tractable analysis, evaluation metrics, or mathematical models.
Use custom data infrastructure or existing data models as appropriate, using specialized knowledge. Design and evaluate models to mathematically express and solve defined problems with limited precedent.
Gather information, business goals, priorities, and organizational context around the questions to answer, as well as the existing and upcoming data infrastructure.
Own the process of gathering, extracting, and compiling data across sources via relevant tools (e.g., SQL, R, Python). Independently format, re-structure, or validate data to ensure quality, and review the dataset to ensure it is ready for analysis.


Google is proud to be an equal opportunity workplace and is an affirmative action employer. We are committed to equal employment opportunity regardless of race, color, ancestry, religion, sex, national origin, sexual orientation, age, citizenship, marital status, disability, gender identity or Veteran status. We also consider qualified applicants regardless of criminal histories, consistent with legal requirements. See also Google's EEO Policy and EEO is the Law. If you have a disability or special need that requires accommodation, please let us know by completing our Accommodations for Applicants form .",LinkedIn,"(5) Senior Data Scientist, Research, Ads Insights, Measurement | Google | LinkedIn",6/26/2025
Real,"Data Analyst ",Tailscale,"About Tailscale

Tailscale is building the new Internet by delivering software that makes it easy to securely interconnect people and their devices, no matter where they are. From hobbyists to multinational corporations, teams of every size use Tailscale each day to protect their networks, share access to internal tools, and more. We're building a future for the Internet that's easy, sensible, and safe, like it used to be. Founded in 2019 and fully distributed, we're backed by Accel, CRV, Insight, Heavybit, and Uncork Capital.

Job Description

We‚Äôre seeking a talented and motivated full-time Data Analyst to join our team. We‚Äôre looking for a key member of the team to own Data and Analytics to power the rest of the company and contribute to our data culture.

You will play a pivotal role in transforming data into actionable insights that drive key business decisions and product strategies. This is a cross-functional role, working closely with Sales, Revenue Operations, Support, Marketing, and other teams to translate data into meaningful narratives, and self-service tools that improve operational efficiency and drive growth.

You‚Äôll help internal teams across the business make decisions using data and visualizations. The ability to think on one‚Äôs feet, enjoy collaborating with highly technical teams, and be comfortable working asynchronously is essential.

Key Responsibilities

Advise the go-to-market team with key insights based on data to identify and support opportunities for growth
Analyze sales pipeline, conversion rates, and customer acquisition metrics to identify trends and opportunities. 
Develop and automate reporting workflows to improve team efficiency. 
Create and maintain documentation of data sources, metrics definitions, and analysis methodologies. 
Collaborate with stakeholders to define KPIs and success metrics for GTM initiatives, including product-led growth metrics (user acquisition, activation, retention, etc.) by developing data strategies to provide these insights. 
Provide regular insights and recommendations to the leadership team. 

What We Are Looking For

Experience at a high growth B2B SaaS company. 
Strong understanding of go to market motions, sales metrics, and marketing metrics. 
Knowledge of SQL, and widely used tools like Salesforce, Snowflake, and dbt. 
Proficiency in data visualization tools (Tableau, Looker, metabase, etc). 
Ability to give and process constructive feedback, as well as work independently. 
Ability to communicate openly, supporting and championing innovation. 
Flexibility to adjust to the dynamic nature of a startup, and adept at dealing with ambiguity. 

As a company, we strive to maintain fair compensation practices within our team across all roles and all levels. Tailscale's compensation package includes base salary, equity, and comprehensive benefits. The salary range displayed on each job posting represents the target range for a new hire's base salary. Individual offers may vary based on experience and skill set.

CAN Pay Ranges

$156,512‚Äî$195,640 CAD

Frequently cited statistics show that people who identify with historically marginalized groups are likely to apply to jobs only if they meet 100% of the qualifications. We encourage you to help us break that statistic!

What We Offer

An inclusive, flexible environment where you can be your authentic self. We recognize the impact of diverse voices and backgrounds on the growth of our people, product, and company. And that flexibility in how and when you work empowers our team to integrate work and life. 
A competitive total compensation package. This includes a base salary, an equity incentive plan and variable commission (for quota-based roles). 
Comprehensive group benefits with no waiting period. Take advantage of coverage for health, vision, dental, and more for you and your family!
All-remote with the opportunity to work from anywhere‚Äîenjoy a change of scenery wherever you can get wifi, participate in virtual and in-person social events, and leverage our corporate co-working program to visit WeWork (or other similar spaces near you). 
Connect with other Tailscalars IRL. Attend our annual company retreat, participate in team/department off-sites, or use your individual travel budget to meet up with team members in Canada, the US, or the UK. 
Support for your personal and professional development. Grow your career thoughtfully with $1500 USD annually for professional development, or take advantage of mentorship, coaching, and internal promotion opportunities. 
Paid time off and a healthy work-life integration. Our flexible, paid time off program supports you for any situation life throws your way, whether moving homes or travelling the world! 
A build-your-own home office setup. You choose your own company-owned laptop (Mac or PC), receive a monthly home internet reimbursement, and $1000 USD to customize your workstation to make it your own. 
Generous parental leave program from your first day. We care about your life outside of work and encourage new parents to take advantage of parental leave top-ups for up to 26 weeks.",LinkedIn,https://www.linkedin.com/jobs/view/4187596034/,6/26/2025
Real,"Business Administrator 1 
",Northwestern University,"Department: MCC Engg Sci & Applied Math

Salary/Grade: EXS/6

Job Summary

Administers operational, financial, & business functions in support of the area/unit's mission & in coordination with central offices such as HR, Budget, Facilities, IT, & Provost. Implements existing policy & ensures the effective, compliant, & efficient completion of daily administrative operations. May represent business area on internal &/or external administrative affairs by exchanging information.

The Business Administrator (BA) is the senior administrative position in the Engineering Sciences & Applied Mathematics (ESAM) department within the McCormick School of Engineering. This position provides thought leadership in reviewing & recommending policy & procedure designed to enhance operational excellence. Ensures the effective, compliant, & efficient daily management of all operational, financial, & business functions. These areas include: budget and accounting; payroll, purchase and expenses transactions; involvement in the management of sponsored accounts; staff management, recruitment, training and performance; graduate & undergraduate student administration; space, safety and facilities projects; and general business office management. Under the general direction of the department Chair and in collaboration with deans, the BA supports the area‚Äôs mission and exercises independent judgment based on university, school and organization policies and procedures. Represents department on internal & external administrative affairs by recommending alternatives & suggestions.

Specific Responsibilities

Areas of Responsibility:

Coordination & administration of at least 4 of the following:
Budget & Financial 
Communications & Outreach 
Faculty Support 
Grants & Contracts 
Human Resources
Work Complexity

EE uses some judgment to adapt an advanced knowledge of skills, methods, practices, policies &/or procedures & a moderate degree of innovation, analysis & reasoning to complete work that is somewhat project oriented & involves some complex problems &/or decisions. 
EE administers policy.

Budget & Financial

Participates in determination of budget including fiscal resource allocation of appropriated, discretionary, endowment &/or gift revenues. 
Directly responsible for payroll, purchasing, travel & entertainment (T&E) transactions & requesting new chart strings using NU protocol. 
Ensures prompt payment of invoices, researching errors/delayed transactions. 
Monitors open encumbrances & deficit chart strings. 
Level II NU Financials approver.
Reviews & reconciles actual expenses to budget per NU Audit guidelines. 
Approves funds reallocation within budget as necessary & appropriate.
Dept/School level approver myHR
Communications & Outreach

Works closely with the Office of Alumni Relations to determine opportunities for alumni contact & solicitation.
Maintains alumni lists or database. 
Produces, edits, &/or distributes newsletter. 
Manages website, assuring updates are made in a timely manner. 
Plans numerous special events throughout the year, assuring all logistics are complete.

Facilities & Safety

Monitors area facilities conditions & directs requests to Facilities Management using FAMIS. 
Maintains key database & security. 
Works with management to assign staff &/or faculty space including appropriate FM refresh/renovation & furniture purchase. 
Coordinates set up of furniture, data & phone lines. 
Brings requests for building & space improvements to attention of management. 
Completes appropriate section of annual SIMS survey following NU protocol. 
Participates in communication of area safety plan. 
Ensures communication with Principal Investigators (PIs) regarding ISIS participation.

Faculty Support

Coordinates faculty recruitment, appointment & credentialing processes; place ads; candidate communication & visit. 
Provides support for preparation of Promotion & Tenure cases. 
Initiates HRIS (myHR) appointment paperwork. 
Arranges colloquium & seminar coordination, & faculty travel planning. 

Grants & Contracts

Provides data for grant proposals; develop &/or administer budgets; submit proposals; coordinate IRB/IACUC, OSR/ASRSP transactions, &/or effort reporting. 
Ensures compliance with research safety regulations, interact with faculty, staff &/or funders to build relationships, transfer knowledge, &/or advise on research policies & procedures.
Oversees &/or completes post-award research administration.
Utilizes established systems (effort reporting, direct cost charging/SDA, financial reporting) to ensure compliance with all applicable regulations.
Interacts with Principal investigators (PIs) to build relationships, transfer knowledge & advise on research policies & procedures.
Oversees payroll for research appointments.
Ensures faculty completion of effort certification.
Provides appropriate training for staff & PIs.
Human Resources

Ensures human resources programs, policies, & procedures are implemented & consistently applied. 
Coordinates all or portions of the talent management lifecycle (sourcing, selecting, developing, coaching, rewarding, recognizing, managing information & optimizing talent.) 
In consultation with management, may administer HR solutions. 
Maintains excellent working relationship with Office of Human Resources.
Posts positions to eRecruit, leads the recruitment & selection process.
Manages area/unit structure & prioritizes & distributes staff workload.
Oversees Performance Excellence plan for each employee & prepares annual review.
Manages performance problems, administers leaves, approves timesheets & oversees completion of annual staff Conflict of Interest survey.
Institutes department policy & implements school & NU policy.
Regulatory Compliance

Ensures compliance with all applicable federal, state, local & NU laws, regulations, policies & procedures. 
Develops innovative methods to assist faculty & staff with adherence to compliance programs. 
Administers safety & security plans.

Strategic Planning

Administers & maintains existing strategic operation plans. 
Recommends changes & improvements to administrative operations to ensure most effective & efficient use of revenue streams for faculty & staff recruitment, program development, research expansions, space planning, etc. 

Student Support

Implements department strategy regarding structure, process, & staff support of students in compliance with NU policy. 
For graduate students: Oversees annual recruitment & selection process & related data entry; advises students; resolves administrative issues (RAS forms, stipends, monitors fellowships, etc.) & organizes new student week. 
Manages graduate student funding quarterly. 
Resolves student issues.

Supervisory

Supervises 1-2 staff.
Provides work direction.

Miscellaneous

Performs other duties as assigned.

Minimum Qualifications

Successful completion of a full 4-year course of study in an accredited college or university leading to a bachelor's or higher degree in a major such as business, accounting or related; OR appropriate combination of education and experience. 
2 years' administrative experience including budgets, finance, grants, facilities, &/or human resources; or other relevant experience.

Minimum Competencies: (Skills, knowledge, and abilities.)

Computer skills: standard office software. Well-organized, detail-oriented.

Preferred Qualifications

Good people skills.
Self-starter, pro-active, good communicator, good at multi-tasking, flexible, quick study in terms of learning new computer applications.
Experience managing at least one full-time direct report.

Preferred Competencies: (Skills, knowledge, and abilities)

Self-starter, pro-active, good communicator, good at multi-tasking, flexible, quick study in terms of learning new computer applications. 

Target hiring range for this position will be between $56,782 - 70,000 per year. Offered salary will be determined by the applicant‚Äôs education, experience, knowledge, skills and abilities, as well as internal equity and alignment with market data.

Benefits

At Northwestern, we are proud to provide meaningful, competitive, high-quality health care plans, retirement benefits, tuition discounts and more! Visit us at https://www.northwestern.edu/hr/benefits/index.html to learn more.

Work-Life And Wellness

Northwestern offers comprehensive programs and services to help you and your family navigate life‚Äôs challenges and opportunities, and adopt and maintain healthy lifestyles.

We support flexible work arrangements where possible and programs to help you locate and pay for quality, affordable childcare and senior/adult care. Visit us at https://www.northwestern.edu/hr/benefits/work-life/index.html to learn more.

Professional Growth & Development

Northwestern supports employee career development in all circumstances whether your workspace is on campus or at home. If you‚Äôre interested in developing your professional potential or continuing your formal education, we offer a variety of tools and resources. Visit us at https://www.northwestern.edu/hr/learning/index.html to learn more.



Northwestern University is an Equal Opportunity Employer and does not discriminate on the basis of protected characteristics, including disability and veteran status. View Northwestern‚Äôs non-discrimination statement. Job applicants who wish to request an accommodation in the application or hiring process should contact the Office of Civil Rights and Title IX Compliance. View additional information on the accommodations process.",,https://www.linkedin.com/jobs/view/4188486983/,6/26/2025
Real,Internship,"
Emirates","Job Purpose

Are you ready to embark on an exhilarating journey into the world of aviation?

If you're a university student with a passion for learning and a drive to make an impact, the Emirates Group Internship Program is your gateway to a dynamic and rewarding career in the aviation industry.

Our Internship Program

Designed specifically for university students, this program offers a unique opportunity to gain hands-on experience across various departments within the Emirates Group. It‚Äôs more than just an internship ‚Äì it‚Äôs your chance to explore real-world challenges, contribute to meaningful projects, and develop both professionally and personally.

Why Emirates?

At Emirates Group, we believe in connecting the world to and through our global hub in Dubai, and we are committed to constant innovation to ensure our customers Fly Better.

Our Internship Program gives you the chance to gain meaningful, hands-on experience across a wide range of business areas. It‚Äôs designed to help you explore potential career paths, build your skills in a dynamic environment, and make a real impact as you prepare for the professional world.

This role is designed for students who are looking to develop essential employ ability skills in a short time frame.

The Program Covers The Following Key Areas

Self-Reliance: Developing self-management skills, readiness to take on responsibility, adaptability, resilience, and effective time management.

People Skills: Building teamwork abilities, enhancing communication skills, active listening and questioning techniques, showing respect for others, and contributing meaningfully to discussions.

General Employment Skills: Strengthening problem-solving capabilities, literacy, and the application of numeracy in a professional environment.

Specialist Skills: Gaining business and customer awareness, as well as applying information technology in practical settings.

Qualification

Copy of University Transcript
An official university letter is required to be attached along with the CV.

Skills Required

Experience in general administration
Strong communication skills
Teamwork and collaboration abilities
Analytical and problem-solving skills
Proficiency in Microsoft Office (Word, Excel, PowerPoint)

Each student will be expected to use their initiative and engage in self-directed learning within a supportive environment. This will help them develop their skills and gain a strong understanding of the department, policies, and procedures, enabling them to make a positive contribution to the team and service delivery. Upon completion of the internship, a certification of completion will be awarded.

Salary & benefits

This is a skill-building internship opportunity offered without financial compensation.",LinkedIn,https://www.linkedin.com/jobs/search/?currentJobId=4254325656&keywords=hiring&origin=SWITCH_SEARCH_VERTICAL,6/28/2025
Real,Swift Coders - AI Training,Braintrust,"About the job
* Swift, Python, Java, Go, Verilog, Typescript, Javascript, C++, or C# coding experience required



This is a great opportunity to supplement your income while looking for longer or more full-time work, all while contributing to the development of new AI models using your domain expertise!
Our client has hired over 1,000 Braintrust talent and intends to hire hundreds more!

Many Braintrust coders earn over $12,000 per month!



You‚Äôll have the flexibility to work as much or as little as you choose - 20hrs/week is suggested, but not a limit. Start working in as little as 48 hours. Your final hourly rate will be chosen by Outlier AI and determined by your location.


What to expect: If qualified, you‚Äôll be invited to complete a brief questionnaire that takes 3-5 minutes. If you successfully pass the questionnaire, you‚Äôll be approved and able to begin work ASAP.


Required qualifications:

Proficiency working one of the following languages: Swift, Python, Java, Go, Verilog, Typescript, Javascript, C++, or C#
Complete fluency in the English language is required. You should be able to describe code and abstract information in a clear way.


Preferred qualifications:

Bachelor's and/or Master's degree in Computer Science or equivalent. Students are welcome.


Note: Outlier AI is partnering with Remotasks for this opportunity",LinkedIn,https://www.linkedin.com/jobs/search/?currentJobId=4233233382&f_E=3&f_WT=2&keywords=hiring&origin=JOB_SEARCH_PAGE_SEARCH_BUTTON&refresh=true,
Real,Entreprenuer in Residence,Revolut,"About the job
About Revolut

People deserve more from their money. More visibility, more control, and more freedom. Since 2015, Revolut has been on a mission to deliver just that. Our powerhouse of products ‚Äî including spending, saving, investing, exchanging, travelling, and more ‚Äî help our 60+ million customers get more from their money every day.

As we continue our lightning-fast growth,‚Äå 2 things are essential to our success: our people and our culture. In recognition of our outstanding employee experience, we've been certified as a Great Place to Work‚Ñ¢. So far, we have 10,000+ people working around the world, from our offices and remotely, to help us achieve our mission. And we're looking for more brilliant people. People who love building great products, redefining success, and turning the complexity of a chaotic world into the simplicity of a beautiful solution.

About The Role

At Revolut, we‚Äôre passionate about launching unique products and expanding our overall global financial ecosystem.

We‚Äôre looking for an Entrepreneur in Residence who shares our continuous, innovative approach to identify, launch, and scale new products (new bets) at 10x speed.

You‚Äôll work on some of our toughest, most ambitious new products and own the entire journey, from business strategy and product development, to GTM planning and execution.

If you‚Äôre a visionary entrepreneur with experience building products from the ground up and are passionate about doing it again, let‚Äôs get in touch üöÄ

What You'll Be Doing

Developing a new product (bet) from scratch, or leading the turnaround of an existing non-performing bet
Owning the full product P&L, from product strategy and revenue model to growth and optimisation
Managing the product journey, from ideation, through design and development, to launch, growth, and maintenance
Holding the team accountable to a high-talent standard through high-quality hiring, setting up team goals and roadmaps, and performing regular 1:1s
Collaborating with different stakeholders across the company, including Design, Engineering, Marketing, Legal, and FinCrime, to ensure effective delivery of new bets

What You'll Need

A degree in STEM or another highly quantitative field from a top-tier university
4+ years of experience in a fast-paced environment at a high-growth tech startup, top-tier strategy consulting firm, investment bank, or similar
2+ years of startup experience as a founder or co-founder
Hands-on experience developing and launching tech/digital products from scratch in core functions, such as Product, Engineering, Strategy & Operations, etc.
A solid track record of hiring and directly managing a team of 10+ individuals
Exceptional analytical and structured problem-solving skills

Nice to have

Experience raising funding for your startup from a recognised PE/VC, or admitted to Y Combinator
A masters degree from a top-tier university
Hands-on coding experience with SQL, Python, or R
Experience or an interest in financial services

Building a global financial super app isn‚Äôt enough. Our Revoluters are a priority, and that‚Äôs why in 2021 we launched our inaugural D&I Framework, designed to help us thrive and grow everyday. We're not just doing this because it's the right thing to do. We‚Äôre doing it because we know that seeking out diverse talent and creating an inclusive workplace is the way to create exceptional, innovative products and services for our customers. That‚Äôs why we encourage applications from people with diverse backgrounds and experiences to join this multicultural, hard-working team.

Important notice for candidates:

Job scams are on the rise. Please keep these guidelines in mind when applying for any open roles.

 Only apply through official Revolut channels. We don‚Äôt use any third-party services or platforms for our recruitment.
 Always double-check the emails you receive. Make sure all communications are being done through official Revolut emails, with an @revolut.com domain.

We won't ask for payment or personal financial information during the hiring process. If anyone does ask you for this, it‚Äôs a scam. Report it immediately.

By submitting this application, I confirm that all the information given by me in this application for employment and any additional documents attached hereto are true to the best of my knowledge and that I have not wilfully suppressed any material fact. I confirm I have disclosed if applicable any previous employment with Revolut. I accept that if any of the information given by me in this application is in any way false or incorrect, my application may be rejected, any offer of employment may be withdrawn or my employment with Revolut may be terminated summarily or I may be dismissed. By submitting this application, I agree that my personal data will be processed in accordance with Revolut's <a class=""postings-link"" href=""https://www.revolut.com/legal/data-privacy-for-candidates"">Candidate Privacy Notice",LinkedIn,https://www.linkedin.com/jobs/search/?currentJobId=4252979795&f_E=2%2C3%2C4%2C5%2C6&f_WT=2&keywords=hiring&origin=JOB_SEARCH_PAGE_JOB_FILTER&refresh=true,
Real,Quantitative Researcher,Fuse Energy,"About the job
We are currently seeking a quantitative researcher with a strong background in statistics to join our team. The role will be responsible for developing and implementing models for our energy supply business. As a quant researcher, you will work closely with our engineering team to ensure the accuracy and effectiveness of our models.

Responsibilities:

 Develop and implement models for our energy supply business using Python and other data science tools
 Identify, analyze, and mitigate credit risk
 Conduct data analysis and modeling to support risk management decisions
 Stay current with industry developments and regulations related to credit risk management


Requirements

 2+ years of experience as a quantitative researcher or data scientist
 Strong programming skills in Python and experience with data science tools such as Pandas, NumPy, and SciPy
 Strong statistical and modeling skills
 Strong communication and collaboration skills
 Experience in the energy industry is a plus


Benefits

Competitive salary and a stock options sign-on bonus
Biannual bonus scheme
Fully expensed tech to match your needs!
28 days paid annual leave per year including public holiday",LinkedIn,https://www.linkedin.com/jobs/search/?currentJobId=4231733769&f_E=2%2C3%2C4%2C5%2C6&f_WT=2&keywords=hiring&origin=JOB_SEARCH_PAGE_JOB_FILTER&refresh=true,
Real,Business Development Associate,CertiK,"About the job
About The Company

One of the fastest-growing and most trusted companies in blockchain security, CertiK is a true market leader. To date, CertiK has worked with over 3,200 Enterprise clients, secured over $310 billion worth of digital assets, and has detected over 60,000 vulnerabilities in blockchain code. Our clients include leading projects such as Aave, Polygon, Yearn, and Chiliz.

Investors = Insight Partners, Sequoia, Tiger Global, Coatue Management, Lightspeed, Advent International, SoftBank, Hillhouse Capital, Goldman Sachs, Shunwei Capital, IDG Capital, Wing, Legend Star, Danhua Capital and other investors.

About You

You‚Äôre a self-starter. You believe in tackling the most important problems, even if they are the most difficult problems. You‚Äôre comfortable with the unknown and understand that startup life means that you‚Äôre going to be wearing multiple hats. And that‚Äôs what motivates you. You‚Äôre accountable and obsessed with improvement, both in yourself and in others. You‚Äôre up to the challenge of building a world-class company that aims to be the infrastructure for more secure software for all.

Responsibilities

Manage existing relationships and find opportunities for growth
Coordinate and lead advertising-like campaigns, including preparation, launch, and performance reporting
Conduct presentations and product demos over the web and in person
Communicate with a broad range of internal and external stakeholders


Requirements

BS in Computer Science / Economic/ Marketing / Business related fields
At least 1 year of BDR/SDR experience with enterprise SaaS/Blockchain
Experience building a pipeline by qualifying leads and developing opportunities
The initiative to seek out new ways of finding opportunities i.e. discord, telegram
Ability to easily understand and pitch new products and technology, focusing on value proposition
Naturally curious and an eagerness to learn
Take ownership of executing strategic and value-added relationships and partnership aligned with our product roadmap
Ability to quickly adapt to change in a fast-paced environment
Unafraid to fail and quickly owns up to it


Bonus Points

Financial, blockchain, cybersecurity or crypto industry experience.
Passionate about Cryptocurrency/Defi/Blockchain is a plus


#blockchain

#startups

#hiring

CertiK accepts applications for this position on an ongoing basis.

CertiK is proud to offer medical, vision, and dental insurance, 401(k) plan with company matching, life and accidental death and dismemberment insurance, HSA (with high deductible plan), FSA, and other benefits to all full-time employees, along with flexible paid time off and holidays. CertiK also offers a variable commission program for business development sales roles.

In compliance with federal law, all persons hired will be required to verify identity and eligibility to work in the United States and to complete the required employment eligibility verification form upon hire.

CertiK is proud to be an equal opportunity employer. We will not discriminate against any applicant or employee on the basis of age, race, color, creed, religion, sex, sexual orientation, gender, gender identity or expression, medical condition, national origin, ancestry, citizenship, marital status or civil partnership/union status, physical or mental disability, pregnancy, childbirth, genetic information, military and veteran status, or any other basis prohibited by applicable federal, state or local law.

CertiK will consider for employment qualified applicants with criminal histories in a manner consistent with local and federal requirements.

https://www.eeoc.gov/sites/default/files/migrated_files/employers/poster_screen_reader_optimized.pdf

All CertiK employees are expected to actively support diversity on their teams, and in the Company.",LinkedIn,https://www.linkedin.com/jobs/search/?currentJobId=4007097365&f_E=2%2C3%2C4%2C5%2C6&f_WT=2&keywords=hiring&origin=JOB_SEARCH_PAGE_JOB_FILTER&refresh=true,
Real,2025 Fall Intern,Samsung Resaerch America,About the job,LinkedIn,https://www.linkedin.com/jobs/collections/recommended/?currentJobId=4246249102,6/28/2025
Real,,,"Lab Summary: Samsung AI Research Center (SAIC) located in Mountain View, California, is currently recruiting outstanding research interns for the Vision Intelligence lab. Our goal is to perform long-term research with potential for direct impact on future Samsung products reaching hundreds of millions of users worldwide. We are focused on pushing the state-of-the-art in multimodal understanding, generation, editing, long-term planning and tool use. Our team is dedicated to developing state-of-the-art generative AI models with a focus on diffusion models and multimodal content generation. We aim to advance foundational AI research and achieve groundbreaking results in image generation, video generation, and 3D generation.",,,
Real,,,Position Summary: We are looking for Fall Interns (Flexible 3‚Äì6 months between September-December). Interns will work on one or more of the following cutting-edge areas:,,,
Real,,,"3D consistent and user-controllable video generation‚Äì Creating algorithms to ensure temporal and spatial coherence in generated videos, with interactive user controls. This will involve coming up with architectures and algorithms that ensures plausible physics being correctly represented by generative models.",,,
Real,,,"3D scene reconstruction‚Äì Advancing techniques for generating high-quality, structured 3D environments from images, or video inputs. This project will involve efficient and accurate scene reconstruction while utilizing limited number of images or video sequence.",,,
Real,,,"Efficient and accurate inference of diffusion models‚Äì Developing novel techniques to accelerate inference while maintaining generation quality of date (images and videos). This will involve coming up with novel algorithms, architectures, and paradigms allowing faster inference/training of diffusion models.",,,
Real,,,Interns will have the opportunity to propose ideas for the projects and lead the research that at least roughly follow the topics mentioned above.,,,
Real,,,Position Responsibilities,,,
Real,,,"Conduct research in deep learning and generative AI, focusing on foundational models for image, video, and 3D generation",,,
Real,,,Develop novel architectures and optimization techniques for diffusion models and related generative approaches,,,
Real,,,Implement and experiment with scalable AI models on large-scale datasets using high-performance computing resources,,,
Real,,,"Collaborate with a world-class team of researchers and engineers, with opportunities to publish in top AI conferences.",,,
Real,,,Required Skills,,,
Real,,,"Currently pursuing a PhD or Master‚Äôs degree in Computer Science, AI, Machine Learning, or a related field",,,
Real,,,"Strong background in deep learning, diffusion models, and generative AI",,,
Real,,,"Experience with PyTorch, and familiarity with large-scale model training",,,
Real,,,Passion for pushing the boundaries of AI research and solving complex challenges,,,
Real,,,Special Attributes,,,
Real,,,"Strong publication record in top AI/ML conferences (e.g., NeurIPS, ICML, CVPR, ICCV, ICLR, SIGGRAPH) is a plus",,,
Real,,,"Our total rewards programs are designed to motivate and engage exceptional talent. The hourly pay rate range for roles at this level is listed below, but may be higher or lower in other states due to geographic differentials in the labor market. Within the hourly pay rate range, individual rates depend on a number of factors‚Äîincluding the role‚Äôs function and location as well as the individual‚Äôs knowledge, skills, experience, education and training. This is part of our comprehensive compensation package with annual bonus eligibility and generous benefits to help you live life well.",,,
Real,,,Hourly Pay Rate Range,,,
Real,,,$44‚Äî$63 USD,,,
Real,,,Additional Information,,,
Real,,,Disclosure of Trade Secrets,,,
Real,,,"Samsung has a strict policy on trade secrets. In applying to Samsung and progressing through the recruitment process, you must not disclose any trade secrets of a current or previous employer.",,,
Real,,,Essential Job Functions,,,
Real,,,"This position will be performed in an office setting. The position will require the incumbent to sit and stand at a desk, communicate in person and by telephone, and frequently operate standard office equipment, such as telephones and computers.",,,
Real,,,"Samsung Research America is committed to complying with all Federal, State and local laws related to the employment of qualified individuals with disabilities. If you are an individual with a disability and would like to request a reasonable accommodation as part of the employment selection process, please contact the recruiter or email sratalent@samsung.com.",,,
Real,,,Equal Employment Opportunity,,,
Real,,,"At Samsung, we believe that innovation and growth are driven by an inclusive culture and a diverse workforce. We aim to create a global team where everyone belongs and has equal opportunities, inspiring our talent to be their true selves. Together, we are building a better tomorrow for our customers, partners, and communities.",,,
Real,,,"Samsung Research America is committed to employing a diverse workforce, and provide Equal Employment Opportunity for all individuals regardless of race, color, religion, gender, age, national origin, marital status, sexual orientation, gender identity, status as a protected veteran, genetic information, status as a qualified individual with a disability, or any other characteristic protected by law.",,,
Real,,,"For more information regarding protection from discrimination under Federal law for applicants and employees, please refer to this link: Pay Transparency",,,
Real,"Machine Learning Engineer, Safeguards",Anthropic,About the job,Linkedin,https://www.linkedin.com/jobs/collections/recommended/?currentJobId=4186432032,
Real,,,About Anthropic,,,
Real,,,"Anthropic‚Äôs mission is to create reliable, interpretable, and steerable AI systems. We want AI to be safe and beneficial for our users and for society as a whole. Our team is a quickly growing group of committed researchers, engineers, policy experts, and business leaders working together to build beneficial AI systems.",,,
Real,,,About The Role,,,
Real,,,"We are looking for ML engineers to help build safety and oversight mechanisms for our AI systems. As a Trust and Safety Machine Learning Engineer, you will work to train models which detect harmful behaviors and help ensure user well-being. You will apply your technical skills to uphold our principles of safety, transparency, and oversight while enforcing our terms of service and acceptable use policies.",,,
Real,,,Responsibilities,,,
Real,,,"Build machine learning models to detect unwanted or anomalous behaviors from users and API partners, and integrate them into our production system",,,
Real,,,Improve our automated detection and enforcement systems as needed,,,
Real,,,Analyze user reports of inappropriate accounts and build machine learning models to detect similar instances proactively,,,
Real,,,Surface abuse patterns to our research teams to harden models at the training stage,,,
Real,,,You May Be a Good Fit If You,,,
Real,,,"Have 4+ years of experience in a research/ML engineering or an applied research scientist position, preferably with a focus on trust and safety.",,,
Real,,,"Have proficiency in SQL, Python, and data analysis/data mining tools.",,,
Real,,,"Have proficiency in building trust and safety AI/ML systems, such as behavioral classifiers or anomaly detection.",,,
Real,,,Have strong communication skills and ability to explain complex technical concepts to non-technical stakeholders.,,,
Real,,,Care about the societal impacts and long-term implications of your work.,,,
Real,,,Strong Candidates May Also Have Experience With,,,
Real,,,"Machine learning frameworks like Scikit-Learn, TensorFlow, or PyTorch",,,
Real,,,"High-performance, large-scale ML systems",,,
Real,,,Language modeling with transformers,,,
Real,,,Reinforcement learning,,,
Real,,,Large-scale ETL,,,
Real,,,Annual Salary,,,
Real,,,The expected salary range for this position is:,,,
Real,,,"$340,000 - $425,000 USD",,,
Real,,,Logistics,,,
Real,,,Education requirements: We require at least a Bachelor's degree in a related field or equivalent experience.,,,
Real,,,"Location-based hybrid policy: Currently, we expect all staff to be in one of our offices at least 25% of the time. However, some roles may require more time in our offices.",,,
Real,,,"Visa sponsorship: We do sponsor visas! However, we aren't able to successfully sponsor visas for every role and every candidate. But if we make you an offer, we will make every reasonable effort to get you a visa, and we retain an immigration lawyer to help with this.",,,
Real,,,"We encourage you to apply even if you do not believe you meet every single qualification. Not all strong candidates will meet every single qualification as listed. Research shows that people who identify as being from underrepresented groups are more prone to experiencing imposter syndrome and doubting the strength of their candidacy, so we urge you not to exclude yourself prematurely and to submit an application if you're interested in this work. We think AI systems like the ones we're building have enormous social and ethical implications. We think this makes representation even more important, and we strive to include a range of diverse perspectives on our team.",,,
Real,,,How We're Different,,,
Real,,,"We believe that the highest-impact AI research will be big science. At Anthropic we work as a single cohesive team on just a few large-scale research efforts. And we value impact ‚Äî advancing our long-term goals of steerable, trustworthy AI ‚Äî rather than work on smaller and more specific puzzles. We view AI research as an empirical science, which has as much in common with physics and biology as with traditional efforts in computer science. We're an extremely collaborative group, and we host frequent research discussions to ensure that we are pursuing the highest-impact work at any given time. As such, we greatly value communication skills.",,,
Real,,,"The easiest way to understand our research directions is to read our recent research. This research continues many of the directions our team worked on prior to Anthropic, including: GPT-3, Circuit-Based Interpretability, Multimodal Neurons, Scaling Laws, AI & Compute, Concrete Problems in AI Safety, and Learning from Human Preferences.",,,
Real,,,Come work with us!,,,
Real,,,"Anthropic is a public benefit corporation headquartered in San Francisco. We offer competitive compensation and benefits, optional equity donation matching, generous vacation and parental leave, flexible working hours, and a lovely office space in which to collaborate with colleagues.",,,
Real,Receptionist - MV Family Care Northrise,MountainView Regional Medical Center,About the job,Linkedin,https://www.linkedin.com/jobs/search-results/?currentJobId=4256839054&eBP=CwEAAAGXuMsYgwd1N8egMA78LVB0IWHlqnHLiwVC40Xi-MAft34b6mvZaHrWxIFe-muOxvd1FN7F5PGb9Vq5CM4j7-gF9v4hGONA6hX0f97zV4HRr1Z4rzgqUKRna4ceQJBZ6euWM6DHB0aWYNTNw70mHFNrXxyeVzhyFnXgVeCNaNIwmcRWK7f_RbMNd04qNEm0cJI8_hFZYb0Ddf6xJIGfIW7ygO3YqzCe2l3lczxU1mmoVILqbsk_DKQLgzmYGLsEW_2gaxrN5K6BK_7-rRohj_tC8RSIym31JP25mysSWzxlNOJFLWDM7l9jbrlOWbT9i-egcWz2LHwwfsD5u0_ohT34wQZ_Wp7uya9ORcBuY1k8Rl6ryTgWPOfk_T6S2ti0yB4ugJQeKiM7UXSurJVk7eUCZLgqqnmrY9il_nIX4rE8Y7AibmDX1-um1Ny544IkoUZXnfiMg2Nym0WxTwiFxsBJvI7rMO5JNg3qzCuJJA073zYCyk_wGCj26g&keywords=receptionist&origin=JOB_COLLECTION_PAGE_SEARCH_BUTTON&refId=93x%2BPnYPA90zXCvQdXKOJg%3D%3D&trackingId=fdowTzKOA25GJbp9n4fKNg%3D%3D,
Real,,,Job Summary,,,
Real,,,"The Receptionist will work at the Mountain View Family Care Clinic and ensure a positive first impression by welcoming patients, visitors, and staff with professionalism and care. This role oversees front desk operations, handles inquiries, directs visitors, and provides administrative support to maintain an efficient and organized facility environment.",,,
Real,,,Essential Functions,,,
Real,,,"Greets and welcomes patients, job applicants, vendors, and other visitors, directing them to the appropriate person or department.",,,
Real,,,"Answers, screens, and transfers phone calls to employees, ensuring courteous and accurate communication.",,,
Real,,,"Responds to customer inquiries promptly and professionally, providing information or redirecting as necessary.",,,
Real,,,"Performs general clerical duties, including filing, copying, and composing routine correspondence.",,,
Real,,,Maintains a clean and organized reception area to ensure a positive first impression for visitors.,,,
Real,,,"Operates standard office equipment, such as copiers, fax machines, and computers, on a regular basis.",,,
Real,,,"Manages scheduling tasks, including appointment setting and meeting coordination, as needed.",,,
Real,,,"Monitors and maintains office supplies, notifying the appropriate personnel of replenishment needs.",,,
Real,,,Assists with special projects and additional administrative tasks as assigned.,,,
Real,,,Performs other duties as assigned.,,,
Real,,,Complies with all policies and standards.,,,
Real,,,Qualifications,,,
Real,,,Associate Degree preferred,,,
Real,,,0-2 years of customer service or office administration experience required,,,
Real,,,"Knowledge, Skills And Abilities",,,
Real,,,"Strong verbal and written communication skills to interact effectively with visitors, staff, and vendors.",,,
Real,,,"Proficiency in using office equipment and basic computer applications, including Microsoft Office Suite.",,,
Real,,,Excellent organizational and multitasking skills to handle a variety of clerical tasks efficiently.,,,
Real,,,Professional and courteous demeanor to create a welcoming environment.,,,
Real,,,Ability to maintain confidentiality and adhere to privacy standards.,,,
Real,"FY26: Teacher, Grade 5 (Math), East Silver Spring, ES, 1.0 FTE",Montgomery County Public Schools,About the job,Linkedin,https://www.linkedin.com/jobs/search-results/?currentJobId=4258597322&eBP=NOT_ELIGIBLE_FOR_CHARGING&keywords=teacher&refId=Xn5021HUt9p4bPBDzLmEKA%3D%3D&trackingId=4PuwmBApLaou5tg%2FxqbMCA%3D%3D,
Real,,,Summary Description,,,
Real,,,"Under direction of the school principal, plans and provides for appropriate learning experiences for students. Provides an atmosphere and environment conducive to the intellectual, physical, social and emotional development of individuals to ensure Success for Every Student. Supervises students in a variety of school related settings. Monitors and evaluates student outcomes. Communicates and interacts with students, parents, staff and community. Develops, selects and modifies instructional plans and materials to meet the needs of all students. Maintains appropriate records and follows required procedures and practices. Monitors appropriate use and care of equipment, materials and facilities. Physical Demands: As required by the duties and responsibilities of the job. Special Requirements: Required to attend school meetings, programs and activities outside the instructional day as mandated by the MCEA agreement.",,,
Real,,,Job Specific Information,,,
Real,,,"The wage range for this position is a salary between $62,558 and $127,334 based on education and experience. For information about benefits, please follow the link below. https://drive.google.com/file/d/1nCKtJEqy4w4SLTzmvmVXgE8hPfOBolkb/view",,,
Real,,,Job,,,
Real,,,Elementary,,,
Real,,,Organization,,,
Real,,,East Silver Spring Elementary School,,,
Real,,,Primary Location,,,
Real,,,Silver Spring,,,
Real,,,Schedule,,,
Real,,,Full-time,,,
Real,,,Working Months,,,
Real,,,10,,,
Real,,,Shift,,,
Real,,,Day Job,,,
Real,,,Job Posting,,,
Real,,,"Jun 27, 2025, 1:22:46 PM",,,
Real,,,Knowledge Skills Abilities,,,
Real,,,"Knowledge of MCPS curriculum, techniques for integrating curriculum, MCPS policies, and effective instructional practices. Understanding of the teaching/learning process. Ability to provide instruction that reflects multiple perspectives and multicultural education. Ability to infuse technology into curriculum. Ability to work effectively with administrators, colleagues, central office and school based staff, students, parents and community. Excellent oral and written communication and human relations skills.Knowledge and application of the six performance standards that have been established for the Montgomery County Public Schools (MCPS) Teacher Professional Growth System (TPGS), and the Supporting Services (SEIU) Professional Growth System (SSPGS).",,,
Real,,,Education Training Experience,,,
Real,,,Bachelor^s degree in applicable field of education from an accredited college or university.Certificate License:Meets Maryland state certification requirements in appropriate field of education.,,,
